;Matvare;Vann;Kilojoule;Fett;Kolesterol;Karbohydrat;Kostfiber;Protein;Vitamin A;Vitamin D;Vitamin E;Vitamin C
;;g;kJ;g;mg;g;g;g;RAE;µg;alfa-TE;mg
1.001;Helmelk, 3,5 % fett;88;264;3.5;9;4.6;0;3.3;34;0;0.1;0
1.002;Lettmelk, 1,2 % fett;90;180;1.2;3;4.7;0;3.3;12;0;0;0
1.003;Skummet melk;91;141;0.1;0;4.8;0;3.3;1;0;0;0
1.008;Sjokolademelk;85;252;1.4;4;8.4;0;3.4;14;0;0;0
1.011;Yoghurt, naturell;86;313;4;11;5.6;0;4.1;38;0;0.1;0
1.013;Geitmelk, langtidsholdbar;88;250;3.3;5;4.6;0;2.9;30;0;0;0
1.015;Kremfløte, 38 % fett;57;1491;38;102;2.9;0;2.1;510;0.2;0.9;0
1.018;Iskrem, fløtebasert;64;812;10;33;23;0;3;122;0.1;0.2;0
1.02;Sjokoladepudding, Piano;77;447;3.5;14;15.5;0;3.2;24;0;0.1;0
1.023;Vaniljesaus, Piano;73;624;8.5;35;15.5;0;2.7;58;0;0.2;0
1.025;Camembert, ost;49;1344;27.4;73;0;0;19.4;281;0.1;0.6;0
1.027;Cheddar, ost;37;1637;32.3;87;0.3;0;25.7;335;0.2;0.7;0
1.028;Cottage Cheese, ost;81;401;4.3;12;1.5;0;12.7;51;0;0.1;0
1.03;Edamer, ost;41;1458;27;72;0;0;27;283;0.1;0.5;0
1.032;Gamalost;43;885;0.3;3;1.7;0;49.7;11;0;0.1;0
1.035;Jarlsberg, ost;41;1525;29;75;0;0;26.6;264;0.1;0.5;0
1.037;Normanna, ost;46;1401;28.4;76;0;0;20.6;294;0.1;0.5;0
1.038;Gräddost;38;1675;36.5;98;0;0;19.1;288;0.2;0.7;0
1.039;Hvitost, type Norvegia;41;1471;27.3;73;0.1;0;27;283;0.1;0.5;0
1.04;Hvitost, lettere, type Norvegia;47;1126;16;43;0.1;0;31.3;151;0.1;0.3;0
1.042;Norzola, ost;43;1644;36.7;98;0;0;16.8;367;0.2;0.6;0
1.043;Nøkkelost;41;1460;27.1;73;0;0;26.9;283;0.1;0.5;0
1.046;Port Salut, ost;46;1329;24.7;66;0;0;24.4;251;0.1;0.4;0
1.047;Pultost, mager;55;666;1;3;0;0;37;11;0;0.1;0
1.048;Ridderost;38;1749;38;102;0;0;20.2;227;0.2;0.7;0
1.05;Sveitserost;39;1536;28.5;76;0;0;28.3;190;0.1;0.5;0
1.052;Geitost, brunost;19;1854;27.6;74;37;0;12;317;0.1;0.6;0
1.053;Fløtemysost, brunost;19;1878;28;75;37.5;0;12;297;0.1;0.6;0
1.054;Fløtemysost, brunost, lettere;27;1590;16.6;44;46.4;0;11;178;0.1;0.4;0
1.055;Gudbrandsdalsost, brunost;19;1900;29.4;79;37.4;0;10.4;311;0.2;0.6;0
1.058;Gomme, Namdal;40;1175;12;32;32;0;11;131;0.1;0.2;0
1.059;Prim;31;1295;8.9;24;50.4;0;6.4;95;0;0.1;0
1.06;Prim, mager;33;1169;4.2;11;53.1;0;6.5;45;0;0;0
1.062;Crème Chérie mykost;50;1379;30.8;83;0;0;14.1;161;0.2;0.6;0
1.063;Baconost, smørbar;62;867;16.9;45;0;0;14.2;180;0.1;0.3;0
1.064;Magerost, smørbar, 7 %;71;547;6.5;17;0;0;18;53;0;0.2;0
1.066;Mozzarella, ost;45;1320;22.9;61;0.7;0;27.1;197;0.1;0.4;0
1.071;Jarlsberg, lettere;47;1117;16;43;0;0;30.9;106;0.1;0.3;0
1.072;Gudbrandsdalsost, brunost, lettere;27;1590;16.6;44;46.3;0;11.1;173;0.1;0.4;0
1.074;Yoghurt, drikke, frukt;81;330;1.3;4;12.8;0;3.8;14;0;0;0
1.078;Karamellpudding, Piano;73;549;6.2;36;16;0;2.8;59;0.1;0.2;0
1.079;Milkshake, sjokoladesmak;82;328;1.5;4;12;0;4;12;0;0;0
1.081;Iskrem, lettis, med mindre sukker og fett;72;459;5.7;12;10.3;0;4.3;31;0;0.8;0
1.082;Cultura, syrnet melk, naturell, økologisk;90;183;1.4;4;4.4;0;3.3;14;0;0;0
1.083;Kulturmelk, syrnet melk;88;254;3.5;9;4;0;3.3;34;0;0.1;0
1.084;Kefir, syrnet økologisk melk;88;254;3.5;9;4;0;3.3;34;0;0.1;0
1.085;Kulturmelk, skummet;92;139;0.4;1;4.1;0;3.2;1;0;0;0
1.086;Seterrømme, 35 % fett;61;1382;35;94;2.9;0;2.2;471;0.2;0.8;0
1.087;Lettrømme, 20 % fett;74;829;19.6;53;3.4;0;2.7;279;0.1;0.5;0
1.088;Rømmekolle, ekstra lett, 10 % fett;80;486;10;27;3.9;0;2.9;99;0;0.2;0
1.089;Crème Fraîche, 35 % fett;60;1382;35;94;2.9;0;2.2;471;0.2;0.8;0
1.09;Yoghurt, frukt, lett, 0,5 % fett;82;296;0.6;3;12.4;0;3.7;9;0;0;0
1.094;Yoghurt, frukt, med müsli;69;586;3.9;13;21.1;1.2;4.3;30;0;0.1;0
1.096;Yoghurt, frukt;78;408;3.4;9;13;0;3.6;29;0;0.1;0
1.099;Cultura, syrnet melk, pære;84;303;1.4;4;11.8;0;3;13;0;0;0
1.104;Milkshake, jordbærsmak;83;305;1.4;4;11;0;3.9;12;0;0;0
1.107;Yoghurt, frukt, Litago;79;402;3.8;10;11.8;0;3.6;38;0;0.1;10
1.108;Kaffefløte, 10 % fett;82;492;10;27;4.2;0;3;118;0;0.2;0
1.109;Kaffemelk, 3,9 % fett;86;277;3.9;10;4.6;0;3.2;38;0;0.1;0
1.111;Vaniljekrem, Piano;73;627;8.8;36;15;0;2.7;60;0;0.2;0
1.112;Romkrem, Piano;72;639;9.1;37;15.1;0;2.7;55;0;0.2;0
1.115;Norbo, ost;42;1480;28.5;76;0;0;25;294;0.1;0.5;0
1.117;Snøfrisk, smørbar geitost;64;1039;24.3;57;2.2;0;6;175;0.2;0.2;0
1.118;Lettmelk, laktoseredusert, 1,5 % fett;90;195;1.5;4;4.8;0;3.4;14;0.4;0;0
1.119;Lettmelk, langtidsholdbar, 1,5 % fett;90;193;1.5;4;4.8;0;3.3;14;0;0;0
1.12;Cultura, syrnet melk, jordbær, D-vitamin;84;292;1.4;4;11.1;0;3;12;0.4;0;0
1.127;Melk med smak, Litago;85;256;1.4;4;8.8;0;3.2;21;0;0;0
1.131;Mandelpudding, Piano;77;443;3.3;14;16;0;2.9;23;0;0.1;0
1.136;Brie, ost;46;1472;31.7;85;0;0;17.6;346;0.2;0.6;0
1.138;Mozzarella, ost, lettere;48;1116;16;43;0.5;0;30.3;137;0.1;0.3;0
1.142;Nøkkelost, lettere;45;1161;17.1;46;0;0;31.1;161;0.1;0.3;0
1.144;Royal Blue, ost;38;1883;44.5;119;0;0;13.9;462;0.2;0.8;0
1.146;St. Paulin, ost;42;1478;28;93;0;0;26;294;0;0.5;0
1.15;Kremost, naturell;60;1224;29;78;2.7;0;6.2;253;0.1;0.5;0
1.161;Taffelost, bacon;46;1304;24.5;66;0.1;0;23.3;158;0.1;0.4;0
1.17;Biola, syrnet melk, naturell;90;190;1.5;4;4.5;0;3.4;16;0;0;0
1.171;Biola, syrnet melk, blåbær, mager;85;235;0.2;0;10.4;0;3;3;0;0;1
1.172;Yoghurt, naturell, Biola;83;332;2.9;12;8.9;0;4.3;30;0;0.1;0
1.173;Yoghurt, bær, Biola;80;350;1.6;4;13.3;0;3.8;27;0;0.1;0
1.174;Yoghurt, frukt, lett, 0,1 % fett, Yoplait;85;221;0.1;0;8.9;0;3.9;2;0;0;1
1.175;Matfløte, 20 % fett;71;852;20;54;3.9;0;2.7;235;0.1;0.6;0
1.176;Fløteerstatning, Coffeemate pulver;3;2298;34.5;2;57.3;0;2.8;17;0;0;0
1.177;Fløteerstatning, kaffehvitt;85;442;10.2;0;2.9;0;0.9;0;0;0;0
1.178;Fløteerstatning, husholdningshvitt;88;368;8.2;0;2.9;0;0.9;0;0;0;0
1.179;Fløteerstatning, topping på boks;66;1075;25;0;7.3;0;1.5;0;0;0;0
1.18;Rømmedressing med urter;80;564;11.8;36;4.7;0;2.8;140;0.2;0.3;0
1.181;Duo, lys sjokoladeyoghurt og nøttecrisp;65;749;8.7;35;20.9;0.5;4;57;0;0.2;0
1.182;Iskrem, vegetabilsk fett, margarinis, 10 % fett;63;808;9.7;2;23.1;0;3.3;2;0;2;0
1.183;Iskrem, fløte, med sjokoladebiter;55;1010;12.6;29;28.1;0.8;3.5;105;0.1;0.3;0
1.184;Rislunsj med jordbær, Piano;70;637;6.2;19;21;0;3;68;0;0.1;0
1.185;Hvitost, uspesifisert type;42;1447;26.7;81;0;0;27;268;0;0.5;0
1.186;Brunost, uspesifisert type;20;1883;27.4;98;40.1;0;11;295;0.1;0.6;0
1.188;Feta, ost med geitmelk;57;1038;20.2;54;1.5;0;15.6;223;0.3;0.4;0
1.189;Fløteerstatning, whipping;85;428;8.3;0;6.4;0;0.7;0;0;0;0
1.19;Ystet vegetabilsk fett, ostesubstitutt;42;1516;30;10;0.9;0;23;10;0;1.9;0
1.191;Burgerost;40;1427;28;75;0.1;0;22.9;204;0.1;0.6;0
1.192;Lettmelk, 0,7 % fett, D-vitamin beriket;91;162;0.7;2;4.7;0;3.3;7;0.4;0;0
1.193;Iskrem med kjeks, syltetøy, sjokolade;53;857;9.2;26;26.9;0.6;3.2;105;0.2;0.2;3
1.194;Iskrem, yoghurtis;68;682;3.5;21;29;0;3.5;14;0;0.4;0
1.195;Rømmegrøt;66;846;15.3;48;11.9;0.5;4.3;175;0.1;0.4;0
1.196;Kakao, med lettmelk, tilberedt;80;356;2.1;6;11.9;1;4;11;0;0;0
1.197;Sjokolademelk, av pulver og lettmelk;84;289;1.4;6;10.3;0.5;3.4;11;0;0;0
1.199;Iskrem med kjeks, sjokolade, nøtter;49;977;12.6;27;25.7;0.9;3.9;106;0.2;0.7;0
1.2;Parmesan, ost;28;1730;29.7;80;0.9;0;36.2;390;0.3;0.8;0
1.201;Camembert, ost, lettere;61;834;11;36;0.1;0;25;98;0.1;0.3;0
1.202;Magerost, smørbar, 3 % fett;75;422;3;8;0;2.7;17;24;0;0.1;0
1.204;Magerost, smørbar, 9 % fett;66;639;9;30;0;0;18;53;0.1;0.2;0
1.211;Iskrem, fløte, med ekstra sjokolade;33;1506;20;24;39;2;5.1;69;0;0.4;0
1.212;Kremost, urter;60;1204;28.4;76;2.7;0;6.3;253;0.1;0.5;0
2.001;Egg, rå;75;590;10.1;420;0.3;0;12.4;215;3.8;5.3;0
2.002;Eggehvite, rå;88;180;0;2;0.4;0;10.2;0;0;0;0
2.003;Eggeplomme, rå;55;1275;27.1;1200;0.2;0;15.8;500;12;14.7;0
2.004;Egg, stekt uten fett;73;646;10.9;431;0.3;0;14;293;1.6;5;0
2.006;Omelett, stekt i fett;73;683;13.3;340;0.2;0;11;261;1.6;4.6;0
2.007;Omelett, stekt uten fett;77;535;9;356;0.3;0;11.6;242;1.3;4.1;0
2.008;Eggerøre, stekt i fett;72;710;13.9;348;0.2;0;11.3;271;1.7;4.7;0
2.009;Eggerøre, stekt uten fett;76;548;9.2;365;0.3;0;11.9;252;1.3;4.3;0
2.01;Eggedosis;58;839;7.5;298;23.3;0;9.7;226;1.1;3.5;0
2.021;Egg, fra frittgående høns, rå;76;587;10.2;400;0.3;0;12;230;2;4.4;0
2.022;Egg, stekt i myk margarin;71;753;14.1;411;0.3;0;13.3;322;2;5.1;0
2.023;Egg, stekt i smør;70;779;14.7;422;0.4;0;13.4;333;2;4.9;0
2.025;Egg, stekt i uspesifisert fett;70;777;14.8;412;0.2;0;13.3;308;1.8;5.4;0
2.026;Egg, kokt;76;593;10.2;420;0.3;0;12.4;215;4;5.3;0
2.027;Egg, fra frittgående høns, kokt;75;587;10.2;400;0.3;0;12;230;2;4.4;0
3.001;And, kjøtt med skinn, rå;50;1603;37.3;72;0;0;13.1;50;0.7;0.5;0
3.002;Gås, kjøtt med skinn, rå;50;1514;33.6;80;0;0;15.9;17;0;0.5;0
3.003;Høne, kjøtt med skinn, rå;60;1095;21;71;0;0;18.7;38;0.2;0.5;0
3.004;Kalkun, kjøtt med skinn, rå;73;560;5.2;78;0;0;21.6;7;0.4;0.5;0
3.005;Kalkun, kjøtt med skinn, ovnstekt;55;1130;18.4;104;0;0;26.4;8;0;0;0
3.006;Kylling, hel, kjøtt med skinn, rå;67;819;13.6;75;0;0;18.6;25;0.6;0.2;0
3.007;Kylling, hel, kjøtt med skinn, ovnstekt;59;1025;17;125;0;0;23.3;26;0;0.2;0
3.008;Rype, bryst, uten skinn, rå;72;586;4.9;81;0;0;23.8;49;0;0.7;0
3.013;Lam, sadel, rå;64;944;17.1;77;0;0;18.3;7;0;0.2;0
3.014;Lam, lår, stek, rå;70;676;9.3;51;0;0;19.5;6;0;0.5;0
3.015;Lam, lår med mørbrad, rå;69;754;11.6;51;0;0;19.1;7;0;0.5;0
3.017;Lam, ribbe, side med ben, rå;59;1181;24.2;52;0;0;16.8;18;0.1;0.3;0
3.029;Fenalår;45;1098;16.8;89;0;0;28;7;0,03;0.2;0
3.031;Sau, fårekjøtt, lettsaltet, rå;45;1533;35;52;0;0;14;24;0.1;0.3;0
3.032;Pinnekjøtt, råvare;31;1876;37;114;0;0;29.8;17;0;0.6;0
3.033;Hval, rå;74;488;2.4;57;0;0;23.5;90;3.8;0.3;0
3.037;Kalv, stek, rå;75;453;2.4;38;0;0;21.4;1;0;0.2;0
3.039;Kalv, koteletter, rå;74;494;3;38;0;0;22.5;2;0;0.2;0
3.044;Kanin, rå;73;522;4;71;0;0;22;10;0.4;0.4;0
3.051;Storfe, bankekjøtt, rå;73;524;4.1;38;0;0;21.9;4;0.1;0.2;0
3.052;Storfe, bibringe, rå;66;869;14.8;41;0;0;18.9;9;0.2;0.4;0
3.053;Storfe, bog, uten knoke, rå;70;669;8.8;38;0;0;20.2;8;0.1;0.4;0
3.054;Storfe, entrecôtekam, rå;67;833;13.1;41;0;0;20.5;6;0.2;0.5;0
3.056;Storfe, flatbiff, rå;75;445;1.7;38;0;0;22.5;2;0;0.3;0
3.057;Storfe, høyrygg, rå;70;679;9.2;38;0;0;19.9;8;0.1;0.4;0
3.058;Storfe, indrefilet, rå;74;497;3.7;38;0;0;21.2;4;0;0.4;0
3.06;Storfe, kotelettkam, rå;69;710;9.9;41;0;0;20.2;9;0.2;0.3;0
3.064;Storfe, mørbrad, rå;74;463;2.3;38;0;0;22.2;3;0;0.3;0
3.066;Storfe, ytrefilet, rå;75;463;2.3;38;0;0;22.2;3;0;0.2;0
3.068;Storfe, filetkam, rå;72;692;9;38;0;0;21.1;7;0.1;0.2;0
3.082;Svin, kotelett, kam, svinekoteletter, inntil 5 mm fettrand, rå;62;1014;18.3;46;0;0;19.8;8;0.2;0.7;0
3.083;Svin, nakkekoteletter, rå;64;935;17;50;0;0;18;8;0.4;0.9;0
3.086;Svin, mørbrad, rå;65;895;15.7;50;0;0;18.5;6;0.2;0.7;0
3.087;Svin, tynnribbe, med svor, rå;50;1533;35.1;46;0;0;13.8;15;0.4;1.4;0
3.089;Svin, midtribbe, med kam og svor, rå;54;1357;29.5;46;0;0;15.6;13;0.4;1.2;0
3.09;Svin, sideflesk, uten bein, rå;50;1585;36.6;46;0;0;13.6;16;0.4;1.5;0
3.091;Svin, skinke, med knoke, rå;66;911;16.4;48;0;0;17.9;7;0.2;0.7;0
3.095;Svin, bogstek, kjøtt uten fettrand, rå;72;605;6.7;47;0;0;21;6;0.1;0.6;0
3.096;Svin, kotelett, kam, svinekotelett, uten fettrand, rå;69;703;8.9;44;0;0;22;6;0.2;0.6;0
3.098;Svin, skinkestek, rå;73;548;4.7;48;0;0;22;4;0.1;0.6;0
3.099;Svin, bacon med svor, rå;51;1402;31.5;46;0;0;13.9;14;0.4;1.3;0
3.1;Svin, sideflesk, lettsaltet, rå;57;1245;27.4;46;0;0;13.6;12;0.3;1.1;0
3.103;Bayonneskinke, kokt;60;949;15.9;72;0;0;21.2;4;0;0.3;0
3.105;Svinekam, røkt;67;865;17.6;50;0.3;0;12.3;4;0;0.1;0
3.106;Kokt skinke, skiver;74;394;2.1;46;0;0;18.6;2;0.1;0.4;0
3.109;Skinkerull, Westfalerskinke;54;1192;20;90;0;0;26.6;4;0;0.3;0
3.111;Spekeskinke;49;966;11.5;99;0;0;31.8;5;0.1;0.8;0
3.112;Elg, ytterlår, stek, rå;74;424;1.3;78;0;0;22.1;2;0.4;0.8;0
3.113;Hare, rå;73;478;3;65;0;0;21.6;8;0;0.8;0
3.114;Hjort, stek, rå;76;417;1.3;62;0;0;21.7;8;0.4;0.8;0
3.115;Reinsdyr, bog, stek, rå;74;495;3.6;45;0;0;21.3;8;0.3;0.8;12
3.117;Blod, okse, rå;81;327;0.2;100;0;0;18.8;28;0.1;0.4;0
3.118;Hjerte, rå;77;450;3.9;150;0;0;18;6;1;0.3;2
3.12;Lever, lam, rå;72;538;4.1;320;2;0;20.7;32760;0.5;1.5;20
3.121;Lever, rein, rå;72;539;4.1;182;3.3;0;19.5;20000;0.1;0.8;11
3.122;Lever, storfe, rå;72;523;3.2;230;3.5;0;20.3;23220;1.1;1.3;25
3.123;Lever, svin, rå;73;503;3.4;310;0.8;0;21.4;23580;1.1;1.5;15
3.126;Karbonadedeig, rå;73;559;5.4;36;0;0;21.1;3;0.1;0.4;0
3.127;Kjøttdeig, med vann/salt, fersk, rå;66;838;14;60;0;0;18.8;8;0.2;0.5;0
3.128;Medisterdeig, rå;66;857;15.5;59;0;0;16.7;1;0;0.3;0
3.129;Kjøttfarse, rå;71;640;10.7;36;3.1;0.1;11.2;5;0;0.3;0
3.132;Hamburger, rå;70;697;11.2;50;0;0;16.6;7;0;0.3;0
3.133;Kjøttkaker, stekt;64;810;14.4;43;3.7;0;12.6;6;0;0.2;0
3.134;Kjøttpudding, stekt;66;808;13.6;41;6.2;0;11.7;0;0;0;0
3.135;Medisterkaker, stekt;51;1303;26.7;54;5.9;0.1;12.6;4;0;0.2;0
3.136;Karbonader, okse, rå;67;751;13.4;41;2.7;0;12.3;6;0;0.2;0
3.137;Karbonader, okse, stekt;64;777;12.3;44;5.6;1.5;12.6;8;0;0.7;0
3.144;Grillpølse;61;963;18.4;45;5.1;0.9;11.1;8;0;1.1;30
3.145;Kjøttpølse, røkt/urøkt;61;959;18.8;44;4.3;1.3;10.6;10;0;0.7;40
3.146;Kjøttpølse, med mindre fett;71;656;10.7;38;4.3;0;11;5;0;0.1;0
3.147;Knakkpølse;59;1042;20.7;47;5.3;0.1;10.9;3;0;0.2;0
3.148;Medisterpølse, kokt, røkt/urøkt;56;1078;22;45;4.9;0.1;10.6;2;0;0.2;0
3.149;Sosisser, små pølser;58;1048;20.8;45;5.2;0.1;11.1;3;0;0.2;0
3.15;Wienerpølse, sportswiener;60;990;18.6;49;5.9;1;11.4;4;0;1.2;33
3.151;Bankekjøtt, salt;70;429;4.3;78;0;0;15.9;4;0;0.2;0
3.152;Falukorv;59;1055;21.1;42;5.1;0.1;11;3;0;0.2;0
3.153;Fleskepølse;46;1503;34.5;67;0.1;0.1;13.2;1;0;0.2;0
3.154;Fårepølse;43;1382;25.5;89;2.1;0;23.7;13;0.1;0.3;0
3.155;Kalverull;62;784;15.4;60;0;0;12.6;6;0.3;0.8;0
3.157;Leverpostei;60;915;18.1;43;3.8;0;10.6;4415;0.1;0.6;0
3.159;Morrpølse, skiver;31;1729;34.5;142;0.1;0;26.5;9;0.2;1.9;0
3.161;Okserull;70;703;9.1;62;0.1;0.1;21.4;5;0;0.3;0
3.162;Reinsdyrpølse;27;1931;43;0;0;0;20;0;0;0;0
3.163;Salami;38;1638;35.3;82;0;0;19.5;5;0;0.2;0
3.164;Servelat;63;907;17.3;43;5;0;10.7;4;0;0.2;0
3.165;Skinke, kokt;74;434;3.5;52;0;0;17.9;4;0;0.3;0
3.166;Stabburpølse;25;2080;45;97;2.9;0;21.5;19;0.2;0.4;0
3.167;Sylte;49;1306;24.6;81;0;0;23.3;2;0;0.7;0
3.17;Blodpudding;48;1092;13.7;68;24.3;0;10.1;51;0.1;0.7;0
3.171;Lungemos, kjøpt;67;826;14.5;61;1;0;16;0;0.2;0;0
3.177;Kjøttboller, hermetisk;77;495;8;0;1.9;0;9.8;0;0;0;0
3.181;Reinsdyrkaker, hermetisk;68;620;8.2;48;4.8;0.1;13.8;5;0;0.3;0
3.188;Bogskinke, hermetisk;71;564;7.2;52;0;1.5;16.8;4;0;0.3;0
3.19;Leverpostei, med mindre fett;67;715;10.6;110;5.5;0;13.5;4300;0.2;1.3;0
3.196;Salami, med mindre fett;45;1235;21.9;86;0.1;0;24.9;4;0.1;1.1;0
3.198;Wienerpølse, med mindre fett;68;603;11;37;0;0;11.5;3;0;0.3;0
3.199;Grillpølse, med mindre fett;68;662;10.9;36;4;0;11.2;3;0;0.3;0
3.201;Svin, grillbein, rå;63;1025;19.9;46;0;0;17;9;0.4;0.8;0
3.202;Servelat, med mindre fett;68;670;10.4;39;4.2;0.1;12.5;4;0;0.2;0
3.203;Pizza, med kjøtt, fryst, kjøpt;52;898;9;24;20.9;2;11.4;41;0;0.9;3
3.204;Kalkun bryst, filet, uten skinn, rå;72;482;1.4;49;0;0;25.3;7;0.3;0.2;0
3.205;Kylling, bryst, filet, uten skinn, rå;75;442;1;56;0;0;23.8;5;0.1;0.7;0
3.206;Høne, kjøtt med skinn, kokt;51;1296;23.3;95;0;0;25.5;43;0;0.5;0
3.207;Svin, kjøtt fra knoke, rå;72;631;8.1;48;0;0;19.5;7;0.2;1.1;0
3.208;Svin, flatbiff, rå;74;437;1.7;39;0;0;22;1;0;0.5;0
3.209;Svin, indrefilet, rå;74;489;3.1;44;0;0;22;1;0.1;0.7;0
3.21;Svin, ytrefilet, rå;74;467;1.6;41;0;0;24;3;0;0.4;0
3.211;Lam, flatbiff, rå;75;440;2.1;51;0;0;21.3;3;0;0.5;0
3.212;Lam, ytrefilet, rå;74;506;3.9;51;0;0;21.3;1;0;0.4;0
3.213;Lam, indrefilet, rå;75;487;3.8;51;0;0;20.4;4;0;0.3;0
3.214;Lammerull;63;950;17.4;74;0;0;18;9;0;0.4;0
3.215;Lam, bogstek, rå;68;781;12.6;52;0;0;18.5;11;0;0.5;0
3.217;Lam, grytekjøtt, rå;68;801;13.2;52;0;0;18.4;7;0;0.4;0
3.218;Lam, fårikålkjøtt, rå;64;954;17.7;52;0;0;17.6;10;0.1;0.3;0
3.219;Storfe, rundstek, rå;74;451;2;38;0;0;22.2;3;0;0.2;0
3.221;Storfe, bogstek, rå;74;508;3.7;38;0;0;21.8;5;0;0.3;0
3.222;Storfe, kam, rå;70;677;8.6;38;0;0;21.1;7;0.1;0.3;0
3.224;Høne, bryst, filet, uten skinn, rå;73;451;0.7;63;0;0;25;9;0.1;0.3;0
3.225;Kylling, lår, kjøtt med skinn, rå;68;837;14.2;83;0;0;18.3;30;0.9;0.2;0
3.226;Kylling, vinge, kjøtt med skinn, rå;67;778;12.2;77;0;0;19.2;44;0;0.5;0
3.231;And, kjøtt uten skinn, rå;74;552;6.5;110;0;0;18.3;24;0.1;0;0
3.232;And, kjøtt uten skinn, ovnsstekt;67;769;8.7;147;0;0;26.3;27;0;0.3;0
3.233;And, kjøtt med skinn, ovnstekt;33;2136;49.7;96;0;0;17.5;57;0;0.5;0
3.234;Gås, kjøtt med skinn, ovnsstekt;33;2037;44.8;107;0;0;22.3;19;0;0.5;0
3.236;Høne, filet, kokt;64;599;0.9;84;0;0;33.3;11;0;0.3;0
3.237;Høne, kjøtt uten skinn, rå;71;590;6.3;63;0;0;21;9;0.1;0.3;0
3.239;Kalkun, kjøtt uten skinn, rå;75;443;1.6;70;0;0;22.6;7;0.3;0.2;0
3.24;Kalkun, kjøtt uten skinn, ovnstekt;67;589;2.1;93;0;0;30.1;7;0;0;0
3.241;Kalkun, brystfilet, uten skinn, ovnstekt;66;595;0.7;76;0;0;33.5;7;0;0;0
3.242;Kylling, brystfilet, stekt i fett;68;612;4.1;80;0;0;27.1;18;0;0.5;0
3.243;Kylling, brystfilet, stekt uten fett;70;522;1.3;81;0;0;27.9;0;0;0.1;0
3.244;Kylling, lårkjøtt med skinn, ovnstekt;61;922;14.3;138;0;0;23.1;33;0;0.2;0
3.245;Gås, kjøtt uten skinn, ovnstekt;58;894;9.5;112;0;0;31.9;13;0;0.3;0
3.246;Kylling, kjøtt uten skinn, ovnstekt;69;571;2.6;113;0;0;27.9;11;0;0.2;0
3.247;Kylling, hel, kjøtt med skinn, grillet;60;942;13.5;128;0;0;26;26;2.1;1.2;0
3.248;Kylling, vinger med skinn, ovnstekt;53;1110;17.4;110;0;0;27.4;53;0;0.6;0
3.249;Rype, bryst uten skinn, ovnstekt;68;682;5.7;94;0;0;27.7;49;0;0.7;0
3.25;Moussaka, med kjøttdeig;67;657;9.8;37;10;1.3;6.7;38;0.1;1.2;12
3.251;Fårikål av lammekjøtt;77;475;6.4;36;3.4;1.3;10;11;0;0.4;18
3.252;Wienersnitzel, rå;57;1018;15.8;59;5.8;0;19.7;11;0;0.7;0
3.254;Lasagne med kjøttdeig;70;625;8.3;18;10.9;0.8;7.4;49;0.2;0.6;3
3.256;Biff stroganoff;60;1018;18.9;75;3.5;0.5;15;197;0.4;1;5
3.257;Lammefrikassé;77;534;8;42;2.4;0.8;11.2;51;0.1;0.5;7
3.259;Lever, kylling, rå;75;476;4.1;380;0;0;19.1;9702;0.2;0.6;28
3.26;Reinsdyr, kjøtt, røkt;70;480;3.1;78;0;0;21.5;9;0.4;0.8;0
3.261;Pai, med skinke og ost;47;1332;22.5;97;14.1;0.6;15;179;1.1;1.8;1
3.262;Pizza, med kjøttdeig;68;805;8.1;19;19.1;1.8;9.8;41;0.1;0.8;3
3.265;Lam, lårsteik med mørbrad, ovnsstekt;61;892;11.3;106;0;0;27.9;7;0;0.6;0
3.266;Lam, kotelett og sadel, kjøtt med fettrand;61;1066;20.4;52;0;0;18.3;8;;0.7;0
3.267;Lam, kotelett, stekt;54;1207;21.4;103;0;0;24.4;8;0;0.3;0
3.268;Storfe, entrecôtekam, stekt;60;961;13.7;85;0;0;26.7;12;0.3;0.4;0
3.271;Storfe, ytrefilet, stekt;70;584;3.6;71;0;0;26.5;2;0;0.3;0
3.272;Svin, flatbiff, stekt;70;514;2;46;0;0;25.9;1;0;0.4;0
3.273;Svin, koteletter, kam med fettrand, stekt;44;1447;26.1;66;0;0;28.3;10;0.3;0.8;0
3.274;Svin, nakkekoteletter, stekt;48;1336;24.3;71;0;0;25.7;9;0.5;1.1;0
3.275;Svin, bacon med svor, stekt;34;2118;49.9;68;0;0;16;9;0;0.2;0
3.28;Storfe, kjøtt, kokt;60;887;10.7;87;0;0;28.9;10;0.2;0.4;0
3.281;Storfe, steik, roastbiff, rosa stekt;69;601;3.7;75;0;0;27.3;5;0.1;0.3;0
3.282;Svin, stek, med fettrand, ovnsstekt;55;1138;19;90;0;0;25.6;4;0;0.2;0
3.283;Svin, familieribbe, stekt;38;1844;39.6;102;0;0;22.3;11;0;0.4;0
3.285;Svin, sideflesk, lettsaltet, stekt;41;1863;42.9;75;0;0;16.2;9;0;0.5;0
3.288;Lys lapskaus, storfekjøtt 10% fett;78;398;4.3;27;4.4;0.8;9.3;33;0;0.2;5
3.289;Leverpostei, hermetisk;59;1117;25;45;1.8;0;9.5;1480;0.1;0.1;0
3.291;Svin, familieribbe, rå;54;1357;29.5;46;0;0;15.6;13;0.4;1.2;0
3.292;Kylling, hel, kjøtt uten skinn, rå;75;457;2.1;70;0;0;22.3;11;0.1;0.2;0
3.296;Svin, stek uten fettrand, ovnsstekt;66;783;6.7;69;0;0;31.5;5;0.2;0.7;0
3.297;Svin, koteletter, kam uten fettrand, stekt;54;1005;12.7;63;0;0;31.5;7;0.2;0.7;0
3.299;Kylling, kjøtt uten skinn, grillet;65;682;5.9;114;0;0;27.3;13;1.7;0.7;0
3.302;Kyllinggryte, med tomat, løk, sopp;79;367;3.1;44;2.5;0.9;11.9;22;0;0.5;4
3.304;Pizza, med pepperoni, fryst, kjøpt;50;931;9.6;20;21.4;1.9;11.6;41;0;0.7;3
3.305;Gås, kjøtt uten skinn, rå;68;650;7.1;84;0;0;22.8;12;0;0.3;0
3.306;Kylling, med skinn, marinert, kjøpt, ferdigstekt;65;737;10;100;0;0;21.6;28;0;1.2;0
3.307;Kylling, fritert, nuggets, gatekjøkken;53;1010;12.9;61;14.2;1.3;16.5;7;0;0.8;0
3.308;Hamburger, enkel, med brød, dressing mv, kjøpt;43;994;8.2;24;27.6;1.9;12.1;12;0;0.4;1
3.309;Cheeseburger, med brød, dressing mv, kjøpt;43;1047;10.6;33;24.3;1.7;13.4;35;0;0.5;0
3.31;Hamburger, dobbel, med brød, dressing mv, kjøpt;49;1013;12.6;35;18.3;2.2;12.8;26;0;1;0
3.311;Hamburger, ekstra kjøtt, med brød, dressing mv, kjøpt;49;1060;13;41;16.5;2.5;16.4;46;0;0.8;1
3.312;Kyllingburger, med brød, dressing mv, kjøpt;49;1048;11.4;30;24.8;2.6;10.8;12;0;1.1;1
3.313;Pasta med kalkun, ostesaus, fryst, kjøpt;75;423;3.3;10;12.6;1.5;4.4;73;0;0.4;9
3.314;Pasta med kjøttsaus, Bolognese, fryst, kjøpt;73;404;1.6;6;14.4;1.6;5.1;0;0;0.6;4
3.315;Lasagne med kjøttdeig, fryst, kjøpt;73;512;5.4;25;11.5;3.3;5.3;44;0.4;0.9;1
3.316;Ris med biffkjøtt, sursøt saus, fryst, kjøpt;75;405;1.5;4;17;1.4;2.9;16;0;0.6;5
3.317;Pytt i panne, stekte poteter med kjøtt og løk, fryst, kjøpt;68;591;5.2;7;16;2.4;6.3;0;0;0.4;8
3.318;Grillpølse, kalkun og kylling;66;804;13.4;78;4.9;1.1;12.7;29;0;1.6;0
3.319;Kjøttboller, kalkun og kylling;63;808;12.7;81;4.9;0;15;20;0;0.8;0
3.32;Kylling, fritert, nuggets, dagligvare;54;1125;16.7;43;13.1;0;16.7;6;0;0.9;0
3.321;Panetter, med kylling og ost;50;872;11.6;55;10.4;1.6;14.9;41;0;0.3;0
3.322;Kalkun, rull, krydderskinke;74;420;3.5;69;0;0;17.1;8;0;0.5;0
3.323;Kalkun, naturell/røkt;73;374;0.5;43;0;0;20.9;2;0;0.3;0
3.324;Pai, med skinke og ost, fryst, kjøpt;50;1182;19.4;100;15.3;1.5;11.3;150;0;1.9;1
3.325;Pizza, med kjøttboller, skinke, fryst, kjøpt;52;813;5.1;14;25.6;2.2;10.1;31;0;0.8;7
3.326;Sodd, med kjøttboller kjøtt, hermetisk;89;189;2.1;7;3.6;1;2.5;40;0;0.3;1
3.328;Kylling, brystfilet, med skinn, rå;72;529;4.6;69;0;0;21.1;13;0.4;0.8;0
4.001;Blåkveite, rå/kaldrøkt;77;645;11;74;0;0;14;10;9.1;3.3;0
4.003;Brisling, rå;51;862;17.6;57;0;0;12.4;60;18.7;1.2;0
4.004;Brosme, rå;82;281;0.2;53;0;0;16.1;2;0;0.3;0
4.005;Rødspette, rå;81;382;2.6;68;0;0;16.8;12;6;1.2;0
4.006;Gjedde, rå;80;339;0.7;90;0;0;18.4;9;0.9;0.7;3
4.008;Horngjel, rå;75;464;2.7;82;0;0;21.4;7;5;1.7;0
4.009;Hvitting, rå;80;333;0.6;50;0;0;18.3;3;0.7;0.2;0
4.01;Hyse kolje, rå;81;290;0.2;46;0;0;16.6;2;0.5;0.5;0
4.011;Hyse kolje, røkt, skiver, rå;78;345;0.6;36;0;0;19;2;0.7;0.5;0
4.014;Kveite hellefisk, rå;71;515;6.1;50;0;0;17;17;9.7;1.8;0
4.015;Laks, vill, rå;66;760;11.5;50;0;0;19.7;0;8;1.3;0
4.018;Laks, røkt;63;938;14.7;63;0;0;23.2;7;7.5;3;0
4.019;Lange, rå;80;305;0.2;46;0;0;17.5;2;3.4;0.3;0
4.02;Lutefisk, tørr vare, rå;88;205;0.3;50;0;0;11.4;0;1;1;0
4.021;Lyr, rå;82;279;0.2;40;0;0;16;2;2.2;0.7;0
4.022;Makrell, mai-juni, rå;74;516;5.4;68;0;0;18.6;14;6;0.6;0
4.023;Makrell, rå, vill (høst);55;1214;25;80;0;0;17;15;5.4;0.4;0
4.024;Makrell, varmrøkt;53;1223;24.1;64;0;0;19.5;13;4.5;0.8;0
4.029;Sei, rå;80;292;0.3;49;0;0;16.5;2;0.8;0.6;0
4.03;Sik, rå;74;477;3;50;0;0;21.5;8;3;2.6;0
4.031;Sild, fetsild, sommersild, rå;56;1214;25;68;0;0;17;6;11.5;0.6;0
4.032;Sild, storsild, vintersild, rå;66;776;14;68;0;0;15.2;6;11.5;0.6;0
4.033;Sild, kryddersild;68;640;12;50;0;0;11.5;6;11.5;0.6;0
4.037;Steinbit, rå;78;409;2.5;55;0;0;18.6;27;1.8;1.1;0
4.038;Torsk, vill, rå;81;345;1.1;56;0;0;17.9;12;2;0.7;0
4.039;Torsk, i skiver, rå;80;319;0.3;58;0;0;18.1;2;1.4;1.1;0
4.041;Tørrfisk;15;1386;1.4;152;0;0;78.5;40;2.4;0.5;0
4.042;Torsk, lettsaltet i skiver, rå;80;319;0.3;58;0;0;18.1;2;1.5;1.1;0
4.043;Tunfisk, makrellstørje, rå;74;445;1;41;0;0;24;372;1.6;1.2;0
4.045;Uer, rå;79;394;2.8;43;0;0;17.1;3;0;1.4;0
4.046;Uer, lettsaltet, rå;79;394;2.8;43;0;0;17.1;3;0;1.4;0
4.047;Ørret, sjøørret, rå;75;462;3.3;50;0;0;20;12;9;0.6;0
4.048;Åbor, rå;81;356;1.3;60;0;0;18.1;9;0.8;1.2;0
4.049;Ål, rå;46;1497;32.5;142;0;0;17.3;600;30;8;1
4.05;Ål, røkt;50;1352;28;140;0;0;18.6;600;36;7.5;0
4.051;Lever, torsk, rå;37;2277;59;245;0;0;5.5;4794;89.7;5.2;0
4.052;Rogn, torsk, rå;74;478;2.9;235;0;0;21.8;0;12.1;10;0
4.053;Blåskjell, rå;85;229;1.4;41;0;0;10.4;14;0;0.8;0
4.054;Hummer, kokt;78;281;0.6;93;0;0;15.2;26;0;4.3;0
4.055;Krabbe, kokt;72;456;1.8;142;0;0;22.9;4;0;1.2;0
4.057;Reker, kokt;68;426;0.8;150;0;0;23.3;2;3.5;5.3;0
4.058;Østers, rå;80;247;2.4;50;0;0;9.3;38;3.1;1.1;3
4.061;Fiskekaker, kjøpt;74;463;4.5;38;8;0.9;9;33;0;0.4;0
4.062;Fiskekarbonader, mager fisk;70;640;10.1;31;5.3;0.1;10.3;10;0.4;2.5;0
4.063;Fiskepudding;80;343;2.3;26;7.1;0.1;8;20;0.3;0.2;0
4.065;Fiskepinner, forfritert, fryst;59;829;8.3;37;17.4;0.6;13;2;0.8;1.6;0
4.068;Rødspette, filet, kavringpanert, rå;68;541;3.4;87;11.5;0;12.9;51;6.6;1.1;0
4.069;Sei, filet, kavringpanert, rå;66;396;2.7;83;2.3;0;15.1;49;0.8;0.2;0
4.07;Torsk, filet, kavringpanert, rå;66;414;2.7;89;2.3;0;16.2;49;1.4;1.5;0
4.071;Seibiff, melpanert, med forstekt løk, fryst, kjøpt;76;436;1.4;48;6.7;0.6;15.6;10;0.7;0.6;0
4.075;Ansjos, hermetisk;53;903;13.1;90;12.1;0;12.5;57;0.2;0.6;0
4.076;Blåskjell, hermetisk, avrent;77;361;2.5;78;0;0;15.8;84;0;1.2;0
4.079;Fiskeboller, hermetisk, uten kraft;84;255;0.6;34;6.6;0;7.1;8;0;0.3;0
4.08;Fiskegrateng, med egg, fryst, kjøpt;78;430;3.5;66;9.2;0;8.5;70;0.7;1.2;0
4.086;Gaffelbiter, sild, hermetisk;58;1000;16;80;8;0;16;30;11;0.5;0
4.087;Kaviar, av lodderogn;74;457;5.5;300;0;0;14.9;9;3.8;7.5;0
4.089;Kaviar, av torskerogn;32;1714;35.2;101;13.7;0;10.5;0;0;5.8;0
4.091;Krabbe, naturell, hermetisk;72;456;1.8;87;0;0;22.9;9;0.1;1.2;0
4.097;Makrellfilet, i tomat, hermetisk;56;1171;23.1;23;5.2;0;13.4;103;5;2.4;0
4.098;Reker, i lake, avrent;82;247;0.6;150;0;0;13.2;0;0;4;0
4.1;Rogn, torsk, presset, hermetisk;74;531;1.9;330;0;0;27.1;79;18;6.2;0
4.101;Rognleverpostei, Svolvær-/Lofotpostei;46;1688;38.6;228;2.1;1.6;12.4;2400;39.1;9.3;1
4.106;Tunfisk, i gele, hermetisk;81;295;0.4;30;0;0;16.5;0;0;0.3;0
4.107;Tunfisk, i olje, avrent, hermetisk;70;540;3.3;54;0;0;24.6;0;0;1.3;0
4.108;Tunfisk, i vann, avrent, hermetisk;73;461;1.2;42;0;0;24.5;0;0;0.6;0
4.111;Pigghå, håbrann, rå;76;541;6.4;76;0;0;17.9;0;9.1;2;0
4.112;Piggvar, rå;79;359;2.4;54;0;0;15.9;4;1.7;0.6;0
4.113;Lomre, rå;81;283;0.3;60;0;0;16;0;0;0.5;0
4.114;Kamskjell, rå;78;345;1.1;126;0;0;17.9;4;4.2;1.3;0
4.115;Blålange, rå;82;271;0.1;46;0;0;15.7;2;3.4;0.2;0
4.116;Håbrann, rå;79;360;0.4;52;0;0;20.3;0;0.3;0.6;0
4.117;Røye, rå;73;536;7.1;61;0;0;16.1;30;6.9;1.3;0
4.118;Sjøtunge, rå;84;270;0.5;50;0;0;14.8;0;8;0.6;0
4.119;Skate, rå;85;245;0.2;50;0;0;14;0;0;0.7;0
4.12;Havål, rå;75;498;5.2;142;0;0;18;600;30;2.8;1
4.121;Kreps, kokt;85;230;1.3;125;0;0;10.7;0;0;3.2;0
4.123;Sild, røkt, bøkling;64;767;10.4;85;0;0;22.5;85;8.3;1;0
4.2;Rødspette, fylt, forfritert, fryst;62;856;12.9;39;13.2;0.6;8.8;4;4.1;0.6;0
4.203;Torsk, forfritert, fylt, fryst;70;598;6.8;39;9.6;0.4;10.6;14;0.8;0.6;0
4.204;Fiskesuppe, med mager fisk, fryst;75;451;6.3;14;5.8;0.5;6.8;18;0.2;0.8;2
4.205;Fiskesuppe, med laks, fryst;83;273;4.3;0;2.1;0;4.6;11;0.8;0;0
4.207;Reker, innbakt, forfritert, fryst;51;945;10;110;18.6;0.9;14.8;1;1.8;1.1;0
4.208;Akkar, innbakt, forfritert, fryst;57;888;10.1;145;18.6;0.9;11.2;47;0.1;2.4;0
4.209;Fiskegrateng, uten egg, fryst, kjøpt;72;550;4.8;31;14.7;0;7.2;98;1;1.2;0
4.21;Fiskeboller, kjølevare;80;323;2;29;5.2;0.1;9.4;17;0.3;0.3;0
4.211;Breiflabb, rå;83;272;0.1;25;0;0;15.8;80;1;0.5;0
4.218;Hyse, kolje, kokt;76;365;0.3;58;0;0;20.8;3;0.9;0.6;0
4.22;Laks, oppdrett, rå;61;932;16;80;0;0;20;26;10;1.4;0
4.221;Hyse, kolje, røkt, skiver, kokt;74;407;0.7;54;0;0;22.4;2;0.8;0.6;0
4.222;Kveite, skiver, kokt;71;608;7.2;59;0;0;20.1;18;11.4;2.1;0
4.223;Kveite filet, melpanert, stekt i fett;63;823;11.3;59;3.6;0.2;20.1;45;11.5;2.7;0
4.224;Laks, vill, kokt;60;898;13.6;59;0;0;23.2;0;9.4;1.5;0
4.225;Laks, oppdrett, skiver, kokt;56;1101;18.9;94;0;0;23.6;28;11.8;1.6;0
4.226;Laks, oppdrett, skiver, stekt i fett;48;1304;22.7;93;3.6;0.2;23.6;54;11.8;2.2;0
4.227;Makrell, juli-sept (fet), kokt;48;1433;29.5;94;0;0;20.1;16;6.4;0.5;0
4.228;Makrell, juli-sept (fet), stekt i fett;41;1626;33;93;3.6;0.2;20.1;43;6.6;1.1;0
4.229;Makrell, mai-juni, kokt;70;609;6.4;80;0;0;21.9;15;7.1;0.7;0
4.23;Makrell, mai-juni, stekt i fett;62;822;10.6;79;3.2;0.2;22;44;7.2;1;0
4.231;Rødspette filet, kokt;74;475;3.2;85;0;0;21;14;7.5;1.5;0
4.232;Rødspette filet, melpanert, stekt i fett;71;551;5.9;63;3.5;0.2;16;32;10.7;1.1;0
4.233;Rødspette filet, kavringpanert, stekt i fett;62;635;10;86;2.1;2.1;12.5;89;7;1.9;0
4.234;Røye, stekt uten fett/grillet;68;634;8.4;72;0;0;19;32;8.1;1.5;0
4.235;Røye, melpanert, stekt i fett;60;848;12.5;71;3.5;0.2;19.1;58;8.3;2.1;0
4.236;Sei, kokt;75;372;0.4;61;0.4;0;20.6;3;0.9;0.8;0
4.237;Sei, filet, melpanert, stekt i smør;69;548;4.5;67;2.9;0.1;19.5;54;1.3;0.8;0
4.238;Sei, filet, melpanert, stekt i hard margarin;69;539;4.3;56;2.8;0.1;19.5;41;1.3;1.4;0
4.239;Sei, filet, melpanert, stekt i myk margarin;70;526;3.9;56;2.9;0.1;19.5;43;1.3;1.1;0
4.24;Sei, filet, melpanert, stekt i soyaolje;69;575;5.4;56;2.6;0.1;19.4;2;0.8;1.2;0
4.241;Sei, filet, kavringpanert, stekt i fett;60;645;9.3;82;2.1;2.1;14.6;88;1.4;2;0
4.242;Sild, fetsild/sommersild, kokt;45;1520;31.3;85;0;0;21.3;6;14.4;0.8;0
4.243;Sild, fetsild/sommersild, melpanert, stekt i fett;40;1655;33.8;80;3.5;0.2;20.2;38;13.6;1.4;0
4.244;Sild, storsild/vintersild, kokt;58;971;17.5;85;0;0;19;6;14.4;0.8;0
4.245;Sild, storsild/vintersild, melpanert, stekt i fett;51;1153;21.2;80;3.5;0.2;18.1;38;13.6;1.4;0
4.246;Steinbit, kokt;72;511;3.1;69;0;0;23.3;30;2.2;1.4;0
4.247;Steinbit, filet, melpanert, stekt i fett;67;663;7;62;2.8;0.1;20.9;54;2.3;1.8;0
4.248;Torsk, skiver, kokt;76;399;0.4;73;0;0;22.6;3;1.9;1.4;0
4.249;Torsk, filet, melpanert, stekt i fett;70;581;4.6;68;2.8;0.1;21.3;30;2.1;1.9;0
4.25;Breiflabb, filet, kokt;78;340;0.1;31;0;0;19.8;90;1.2;0.6;0
4.251;Torsk filet, kavringpanert, stekt i fett;60;664;9.3;88;2.1;2.1;15.7;88;1.9;2.4;0
4.252;Torsk lettsaltet, kokt;76;399;0.4;73;0;0;22.6;3;1.9;1.4;0
4.253;Klippfisk, saltet og tørket;40;680;1;152;0;0;37.8;42;2.4;0.6;0
4.255;Laks, filet, gravet;61;748;9.2;70;2.8;0;21.2;30;12.5;2.2;0
4.256;Ørret, oppdrett, rå;70;693;10;73;0;0;19;32;6.9;1.1;0
4.257;Ørret, oppdrett, kokt;64;817;11.8;86;0;0;22.4;34;8.1;1.3;0
4.258;Snegler, hermetisk;73;306;1.2;105;0;0;15.4;90;0;3.9;0
4.259;Ørret, sjøørret, melpanert, stekt i fett;62;762;8.1;59;3.5;0.2;23.6;40;10.7;1.4;0
4.26;Ørret, filet, røkt;58;937;14.2;54;0;0;24.2;18;8.3;2.9;0
4.261;Uer, lettsaltet, skiver, kokt;75;466;3.3;51;0;0;20.2;4;0;1.7;0
4.262;Akkar, tiarmet blekksprut, rå;81;325;1.7;225;0;0;15.4;15;0;1.2;0
4.264;Kamskjell, kokt;73;433;1.4;158;0;0;22.4;5;5.2;1.4;0
4.265;Krabbepinner, Crabsticks, fryst;68;431;0.7;35;10.7;0.3;13;1;0.5;0.5;0
4.266;Uer, kokt;75;466;3.3;51;0;0;20.2;4;0;1.7;0
4.267;Ørret, oppdrett, skiver, melpanert, stekt i fett;56;1028;15.8;85;3.6;0.2;22.4;60;8.3;1.9;0
4.268;Fiskekarbonader, sei;75;467;4.9;43;2.4;0;14.4;33;0.9;0.8;0
4.269;Fiskepudding med fløte, fløtepudding;76;463;5.7;36;6.9;0.1;7.9;62;0.3;0.3;0
4.27;Fiskefarse, mager fisk, rå;83;261;0.9;25;4.2;0;9.2;9;0.3;0.3;0
4.271;Fiskekarbonader, makrell;64;877;15.2;59;2.4;0;16.1;43;8;0.8;0
4.272;Fiskekarbonader, laks;64;920;15.8;57;2.4;0;17.3;40;6.9;1.5;1
4.273;Fiskekarbonader, sild;59;1050;20.8;59;2.4;0;14.1;36;9.8;0.8;0
4.274;Fiskepaté, mager fisk;74;541;6.9;103;4.3;0;12.5;103;1;1.3;0
4.275;Fiskepaté, laks;67;813;13.8;107;4.3;0;13.5;107;4.4;1.5;1
4.276;Fiskepinner, forfritert, stekt i hard margarin;54;1034;14.3;36;16.8;0.6;12.6;63;1.5;2.5;0
4.277;Reker, innbakt, forfritert, stekt i soyaolje;44;1213;17.7;107;18;0.9;14.4;1;1.8;1.8;0
4.278;Rødspette, panert, forfritert, fylt, ovnstekt uten fett;60;895;13.5;41;13.8;0.6;9.2;4;4.3;1.6;0
4.279;Rødspette, panert, forfritert, fylt, stekt i fett;56;1077;19.2;40;12.7;0.6;8.6;47;4.5;1.5;0
4.28;Seibiff, melpanert, med forstekt løk, kjøpt, stekt i fett;68;585;3.8;57;7.7;0.7;18.1;31;1.1;1.3;0
4.281;Torsk, panert, forfritert, fylt, ovnstekt uten fett;68;626;7.1;41;10.1;0.4;11.1;13;0.8;0.6;0
4.282;Torsk, panert, forfritert, fylt, stekt i fett;64;827;13.3;40;9.2;0.4;10.3;55;1.3;1.5;0
4.283;Torsk, forfritert, fryst, rå;59;845;9.2;37;17.4;0.6;12;2;0.8;1.6;0
4.284;Torsk, panert, forfritert, stekt i fett;53;1067;15.6;38;16.8;0.6;11.7;46;1.3;2.4;0
4.285;Tunfisk, i olje, ikke avrent, hermetisk;62;877;13.5;45;0;0;22.2;0;0;4.9;0
4.286;Seilaks, i olje, avrent;69;660;11.3;42;0;0;14.2;2;0.6;1.6;0
4.287;Sild, marinert, i majones/rømme;47;1287;22.7;33;20.8;0;5.5;52;7.9;1.6;0
4.288;Sild, marinert, sennepssild;49;1049;13.7;10;25.6;0.4;6.1;3;7.7;1.1;0
4.289;Sild, kryddersild, innlagt, avrent;51;938;10.6;15;24.5;0;7.6;4;12;0.3;0
4.29;Sild, sursild, innlagt, avrent;53;897;11.1;19;20.8;0;7.8;6;11;0.5;0
4.291;Fiskegrateng med egg, ovnstekt;71;622;8.7;128;4.1;0.1;13.5;109;1.4;2.1;0
4.292;Fiskegrateng med egg og makaroni, ovnstekt;70;655;9;119;7.6;0.3;11.2;109;1.2;1.9;0
4.293;Fiskegrateng med egg, ovnstekt, kjøpt;75;481;3.9;74;10.3;0;9.5;71;0.8;1.3;0
4.294;Fiskegrateng uten egg, ovnstekt, kjøpt;69;618;5.4;35;16.5;0;8.1;99;1.1;1.3;0
4.295;Gryte, sei, løk og paprikasaus;79;381;3.4;29;4.6;0.6;10.1;28;0.5;0.8;15
4.296;Gryte, torsk med tomat;84;279;1.9;32;1.7;0.6;10.3;24;0.9;1.1;5
4.297;Kabaret, med fiskepudding og reker;87;199;1.1;37;1.7;0.5;7.4;14;0.6;1;1
4.298;Fiskesuppe, med mager fisk;91;167;1.8;13;0.8;0.6;4.8;36;0.3;0.3;3
4.299;Fiskesuppe, med mager fisk, jevnet;90;180;1.7;26;1.9;0.6;4.7;79;0.2;0.5;1
4.301;Sildesalat, med potet;80;314;2.5;10;9.1;1.6;3.2;2;2.4;0.3;5
4.302;Akkar, tiarmet blekksprut, kokt;62;636;3.3;441;0;0;30.2;27;0;2.4;0
4.303;Fiskepinner, forfritert, stekt i myk margarin;55;1013;13.7;36;16.9;0.6;12.6;67;1.6;2.1;0
4.304;Fiskepinner, forfritert, stekt i smør;54;1050;14.6;53;17;0.6;12.7;84;1.5;1.6;0
4.305;Fiskepinner, forfritert, stekt i soyaolje;52;1098;16;36;16.9;0.6;12.6;2;0.8;2.3;0
4.306;Torsk, panert, forfritert, ovnstekt uten fett;57;887;9.7;39;18.2;0.6;12.6;2;0.8;1.7;0
4.307;Kaviarmix;26;2237;53.1;97;9.2;0;6.8;17;0.1;6.8;0
4.309;Kveite, hellefisk, skiver, røkt, rå;65;877;14.8;62;0;0;19.4;33;5;0.9;0
4.31;Sild, spekesild, utvannet;65;873;16;68;0;0;16.5;6;11.5;0.6;0
4.311;Makrell, kaldrøkt;58;1005;18.8;51;0;0;18.2;21;4;0.7;0
4.312;Rogn, torsk, kokt;71;530;3.2;261;0;0;24.2;0;13.4;11.1;0
4.313;Akkar, innbakt, forfritert, stekt i soyaolje;50;1157;17.8;141;18;0.9;10.9;41;0.1;3.1;0
4.314;Lutefisk, kokt;87;210;0.4;50;0;0;11.5;0;1;1;0
4.316;Lever, torsk, kokt;25;2593;66.9;888;0;0;6.9;11988;111;22.2;0
4.317;Ørret, sjøørret, kokt;70;547;3.9;59;0.1;0;23.6;13;10.6;0.8;0
4.318;Rogn, torsk, hermetisk, stekt i fett;62;816;10.2;316;0;0;25.8;122;17.8;7.1;0
4.319;Fiskepinner, forfritert, stekt i uspesifisert fett;53;1049;14.7;38;16.8;0.6;12.6;46;1.3;2.4;0
4.32;Sei filet, melpanert, stekt i uspesifisert fett;69;545;4.6;57;2.5;0.1;19.5;30;1.2;1.3;0
4.321;Brisling, i tomat, hermetisk;67;845;14.7;93;2.7;0;15;136;14.5;3;0
4.322;Brisling, i olje, hermetisk, avrent;59;1084;20.9;92;0;0;18.3;29;8.8;1.9;0
4.323;Fiskeburger, panert, med brød, ost, saus, kjøpt;50;1015;11.3;22;24.2;2.8;9.6;15;0;1.4;0
5.001;Byggryn;14;1342;1.1;0;62.9;10.7;8.6;0;0;0.7;0
5.002;Byggmel;15;1278;1.1;0;60.6;7.6;8.6;0;0;0.7;0
5.003;Havregryn, lettkokte/store;6;1640;7.8;0;63.1;10.6;11.4;0;0;0.9;0
5.004;Havremel;10;1575;7;0;61.7;8.5;11.7;0;0;0.8;0
5.005;Hirse, hele korn;14;1456;2.9;0;66.6;3.2;11.2;0;0;0.1;0
5.006;Hvetemel, sammalt;13;1331;2.4;0;54.4;12;13;0;0;0.9;0
5.007;Hvetekim;15;1384;9.3;0;25.1;18.4;27.4;5;0;16;0
5.008;Hvetekli;15;1035;3.4;0;18.5;42;15.2;0;0;1.6;0
5.009;Hvete, helkorn;13;1331;2.4;0;54.4;12;13;0;0;0.9;0
5.01;Hvetemel, siktet;13;1494;1.5;0;71.6;3.4;11.4;0;0;0.8;0
5.012;Linfrø, knuste;6;1842;31;0;0;34.8;24.5;0;0;0.7;0
5.013;Maismel, polenta;12;1293;1.2;0;63.3;5;7.8;9;0;1.1;0
5.015;Maisstivelse;12;1486;0;0;86.3;1.7;0.3;0;0;0;0
5.016;Pasta naturell, makaroni/spagetti o.l, tørr;9;1471;1.3;0;69.8;4.2;11.9;0;0;0.1;0
5.02;Potetmel, potetstivelse;16;1398;0;0;80.6;1.4;1;0;0;0;0
5.021;Ris, upolert, naturris, langkornet, tørr;10;1542;3;0;72.8;4.2;9.4;0;0;0;0
5.022;Ris, polert, parboiled, langkornet, tørr;11;1473;1.2;0;75.7;1.4;7.7;0;0;0;0
5.023;Ris, grøtris, 1 times koketid, tørr;11;1516;0.8;0;80.5;1.1;6.4;0;0;0;0
5.024;Ris, hurtigris, tørr;9;1524;0.7;0;78.4;2.6;8.5;0;0;0;0
5.026;Rugmel, sammalt;14;1348;2.4;0;57.5;14.8;9.6;0;0;1;0
5.027;Rugmel, siktet;12;1448;1.8;0;70.2;8.6;7;0;0;0.2;0
5.029;Semulegryn, hvetegryn;15;1437;2;0;69;2.5;10;0;0;0.8;5
5.03;Sesamfrø, med skall;4;2440;50;0;11.2;12.3;17.7;1;0;2.3;0
5.033;Corn flakes;4;1575;0.7;0;81.6;3.5;7.9;0;0;0;0
5.034;Kornblanding, 4-korn;13;1399;3.2;0;59.2;11.5;10.7;0;0;0.8;0
5.036;Puffet hvete, med sukker og honning, type Honni corn;3;1625;1.6;0;82.5;4.7;7.4;0;0;0.2;0
5.037;Puffet havre, Havrenøtter;3;1701;6.5;0;69.1;5.8;14.1;0;0;0.5;0
5.038;Puffet hvete, Hvetenøtter;3;1599;2.2;0;68.5;11.2;15.5;0;0;0.8;0
5.039;Puffet ris;6;1599;0.9;0;85.4;0.8;6.3;0;0;0.1;0
5.04;Brød, 100% sammalt mel, vann;39;926;1.7;0;37.6;8.4;9.2;0;0;0.6;0
5.041;Brød, 100% sammalt mel, sk melk;35;990;1.7;0;39.8;8.4;10.8;0;0;0.6;0
5.042;Brød, 3/4 sammalt mel, vann;39;933;1.5;0;39.3;7;9;0;0;0.6;0
5.043;Brød, 3/4 sammalt mel, sk melk;35;1001;1.6;0;41.5;7;10.6;0;0;0.6;0
5.044;Brød, 2/3 sammalt mel, vann;39;937;1.5;0;39.8;6.5;9;0;0;0.6;0
5.045;Brød, 2/3 sammalt mel, sk melk;35;1004;1.6;0;42;6.5;10.5;0;0;0.6;0
5.046;Brød, 1/2 sammalt mel, vann;39;941;1.4;0;40.9;5.5;8.8;0;0;0.6;0
5.047;Brød, 1/2 sammalt mel, sk melk;37;973;1.4;0;42;5.5;9.6;0;0;0.6;0
5.048;Brød, 1/3 sammalt mel, vann;39;947;1.3;0;42;4.6;8.7;0;0;0.6;0
5.049;Brød, 1/3 sammalt mel, sk melk;37;981;1.4;0;43.1;4.6;9.4;0;0;0.6;0
5.05;Brød, 1/4 sammalt mel, vann;39;951;1.3;0;42.6;4.1;8.6;0;0;0.6;0
5.051;Brød, 1/4 sammalt mel, sk melk;37;984;1.3;0;43.7;4.1;9.4;0;0;0.6;0
5.052;Loff, hvitt brød, vann;39;1007;3;0;43.3;2.6;8.2;19;0.2;0.7;0
5.053;Loff, hvitt brød, sk melk;35;1070;3;0;45.5;2.6;9.7;19;0.2;0.7;0
5.054;Grovbrød ekstra grovt, 75% sammalt mel;35;1018;2.6;0;41.4;7.3;9.4;0;0;0.6;0
5.056;Kneippbrød, grovt, 50% sammalt mel, kjøpt;34;1040;2.2;0;44.2;5.9;9.4;0;0;0.6;0
5.058;Helkornbrød, 20% sammalt mel, kjøpt;34;1054;2.3;0;46;4;9.1;0;0;0.6;0
5.059;Husholdningsbrød, finbrød, kjøpt;31;1106;2;0;51.2;4.7;7.3;0;0;0.4;0
5.06;Loff, hvitt brød, kjøpt;33;1093;2.9;7;46.9;3.6;9.4;0;0;0.5;0
5.061;Hamburgerbrød, fint;34;1220;6.9;0;49.2;1.8;6.7;0;0;0.5;0
5.062;Pizzabunn, uten fyll;42;968;3.4;0;41.2;0.9;7.9;0;0;0.7;0
5.063;Pølsebrød, fint;30;1291;7.3;3;51.4;1.8;7.8;5;0;0.5;0
5.064;Rundstykke fint, kjøpt;32;1110;3.4;0;47.4;2.9;9.1;0;0;0.6;0
5.065;Rundstykke, baguette, finbakstmel;35;1114;2.7;0;51.1;2;7.6;0;0;0.6;0
5.066;Rundstykke, mellomgrovt, sk melk;35;1099;5.3;1;41.7;3.8;9.6;41;0.4;0.9;0
5.067;Rundstykker grovt, sk melk;35;1086;5.4;0;39.9;5.2;9.8;42;0.4;0.9;0
5.068;Flatbrød, kjøpt;3;1441;1.2;0;67.4;9.2;10.4;0;0;0.3;0
5.069;Knekkebrød, lyst;5;1700;8.5;0;67.7;6;11;52;0;1;0
5.07;Knekkbrød, rug, type Husman;6;1451;1.9;0;63.7;16;10;1;0;0.5;0
5.071;Klibrød, med hvetekli;2;1303;3.2;0;38.5;37.1;13.7;0;0;1.5;0
5.073;Skonrokk, grov;6;1659;8.7;15;63.4;9;11;85;0;1.5;0
5.075;Smørbrødkjeks, fet, type Cream cracker;3;1755;16.4;0;54.6;3.5;11.3;0;0;3.1;0
5.076;Smørbrødkjeks, mager, usøtet, type Frokost;3;1603;1.6;0;75.4;3.8;13.6;0;0;0.2;0
5.077;Smørbrødkjeks, grov, type Kornmo;4;1730;12.2;5;63.5;6.4;8.7;6;0;1.5;0
5.078;Kjeks søt, kremfyll;3;2014;21.2;0;65.3;2.4;5.9;3;0;2.4;0
5.079;Kjeks søt, type Mariekjeks;1;1879;12.8;1;74;3.1;7.2;4;0;1.4;0
5.08;Kjeks søt, type Gjende;3;1941;18.6;0;65.4;3.6;6.6;0;0;2.3;0
5.081;Kakelefse, tykklefse, uten fyll;26;1423;11.4;4;51.6;1.7;6.5;9;0;0.4;1
5.082;Kakelefse, tykklefse, påsmurt, kjøpt;27;1558;19.9;0;41.5;2.4;5.7;155;2;2.9;0
5.084;Lompe, potetlefse, potetlompe, kjøpt;46;812;0.7;0;39.3;3.5;5.3;0;0;0.1;0
5.085;Vafler med egg, helmelk;54;913;9.8;69;24.8;1;7.1;116;0.8;1.4;1
5.086;Vafler med fløte/rømme, uten egg;51;1094;16.1;46;23.5;1.3;5.2;188;0.1;0.6;1
5.087;Delfiakake;19;2106;42.9;52;24.9;1.9;4.7;50;0.2;1;0
5.088;Formkake med mindre fett;29;1325;10;3;48.8;1.6;6.6;93;0.9;1.1;1
5.089;Formkake, med epler;48;1099;13.7;63;30.1;1.8;3.9;163;1.4;2;4
5.09;Formkake, marmor;27;1527;18.1;81;42.6;1.5;7.1;207;1.7;2.4;1
5.091;Formkake, fet, dansk sandkake;24;1738;23.7;90;45.4;0.7;4.9;274;2.4;2.6;0
5.093;Fyrstekake med epler;35;1344;14.1;25;42.7;1.9;4.8;147;1.4;1.7;3
5.094;Fyrstekake med mandler;17;1785;22.3;49;47;2.2;8.4;149;1.3;5.9;1
5.095;Hveteboller, med helmelk;28;1349;11.1;6;45.9;2.3;8.2;101;0.9;1.2;2
5.096;Hvetekake;33;1162;6.4;7;44.4;2.4;8.9;52;0.4;0.8;2
5.097;Julekake;27;1333;9.4;5;49.7;2.7;7;85;0.7;1;1
5.098;Kokosmakroner;15;1909;28.5;0;42;5.6;5.6;0;0;0.3;0
5.099;Kransekake;6;2030;25;0;52.8;3.4;10.6;0;0;11.1;0
5.1;Hvetekringle, gjærdeig, med tørket frukt;25;1368;9.8;18;50.6;2.6;7.3;96;0.8;1.2;1
5.102;Napoleonskake;46;1287;19.7;63;27.2;0.7;5.3;248;1.5;1.9;1
5.103;Nøttebunn;25;1694;24.2;140;36.8;2.1;9.2;96;0.5;8.6;0
5.104;Rullekake, med syltetøy;34;1141;3.6;125;52.2;1.5;6.4;96;0.4;1.9;15
5.105;Rullekake, med smørkrem av margarin;24;1651;19.9;162;47.1;0.6;6.4;285;2.1;3;1
5.106;Serinakaker;14;1879;24.1;55;49.8;1.9;7.4;246;2.2;3.3;1
5.107;Sirupskake;32;1119;2.3;6;53.2;2.2;6.6;13;0;0.4;1
5.108;Sjokoladekake, med glasur;26;1527;16.5;42;47.2;2.1;5.7;158;1.2;1.7;1
5.109;Skolebrød, med melisglasur, eggekrem, kokos, kjøpt;32;1183;8.2;0;44.6;2.4;6;13;0;0.8;0
5.11;Smultringer;20;1936;31.6;60;38.5;1.3;6;119;0.2;0.8;1
5.111;Sukkerbrød;33;1200;5.7;206;47.6;1;10.1;140;0.7;2.6;1
5.112;Bløtkake med krem, syltetøy;44;1307;19.3;134;29.4;0.8;5.1;291;0.4;1.6;6
5.113;Sukkerbrød, med eggekrem, bær, gele;71;448;4.4;58;13;0.6;3.5;68;0.2;0.8;14
5.115;Terte, uten fyll;16;2147;40.4;0;31.6;1.8;5.9;400;4;3.7;1
5.117;Vørterkake;28;1165;1.6;2;55.7;4.4;7.3;5;0;0.3;0
5.118;Wienerbrød med eggekrem;27;1691;25.8;56;35.9;1.7;6.6;241;2.2;3.4;1
5.12;Finbakstmel;15;1463;2;0;70.5;2.5;10;0;0;0.8;0
5.121;Grovbakstmel, 40% sammalt;14;1365;2;0;60.8;7.5;11.6;0;0;0.9;0
5.122;Havrekli;10;1519;7.5;0;54.6;13;12.3;0;0;7.5;0
5.125;Ris polert, parboiled, langkornet, kokt;72;430;0.3;0;21.6;1.4;2.4;0;0;0;0
5.126;Solsikkefrø;5;2387;49.6;0;7.2;10.5;20.3;3;0;28.1;1
5.127;Havregrøt, med vann;89;178;0.8;0;6.9;1.1;1.3;0;0;0.1;0
5.128;Risgrøt, med lettmelk;83;305;1.1;5;12.1;0.3;3.3;9;0;0;0
5.129;Brød, grovbakst, 40% sammalt mel;36;1010;2.6;0;42.8;5.4;8.4;0;0;0.6;0
5.13;Pasta naturell, makaroni/spagetti o.l, kokt;63;632;2.5;0;26.5;1.6;4.5;0;0;0.3;0
5.131;Eplepai;57;910;11.7;0;24.4;2.3;2.6;115;1.1;1.3;4
5.132;Bokhvete, mel, lyst;13;1407;2;0;70.4;1.9;7.1;0;0;0.3;0
5.133;Pannekaker, med lettmelk, stekt i myk margarin;61;763;5.3;55;25.1;0.9;7.8;72;0.5;1;1
5.134;Peppernøtter;7;1905;21.4;17;57.7;2.1;6.8;68;0;0.5;2
5.135;Kjeks søt, vaffel, fylt;2;2201;30.4;0;58.1;1.5;4.5;0;0;0.6;0
5.136;Havre ristet, med frukt, olje, type Crüsli;4;1829;14.2;0;66.5;5.9;7.4;0;0;0.4;0
5.139;Marengs;3;1649;0;0;92.4;0;4.6;0;0;0;0
5.14;Havremakroner, kjøpt;10;1739;15;102;58.4;3.1;9.8;167;1.3;2.4;0
5.142;Knekkebrød, med havre;7;1537;5.3;0;61;10.3;13;52;0;0.5;0
5.143;Knekkebrød, ekstra fiber;6;1459;8;0;43.2;26;13;0;0;1.5;0
5.144;Flatbrød, med havre, kjøpt;4;1349;4.2;0;50.9;11.5;13.9;0;0;0.5;0
5.146;Flatbrød, hjemmebakt type, kjøpt;3;1451;1.6;0;65.5;12.2;10.6;0;0;0.5;0
5.147;Sesamfrø, uten skall;5;2601;55;0;4.5;4.9;26.5;4;0;2.3;0
5.148;Knekkebrød, rug, grovt;7;1425;1.9;0;62;16.3;10;1;0;0.8;0
5.149;Kjeks søt, havre og sjokolade;3;2048;24.2;4;58.6;4.2;7.2;0;0;2.3;0
5.15;Kjeks søt, barnekjeks med sjokolade;3;2022;21.3;0;64.6;2.1;7;14;0;1.3;0
5.151;Kjeks søt, barnekjeks;3;1853;12.5;0;74.8;2.3;5.9;0;0;2.1;0
5.152;Smørbrødkjeks, type Kaptein;4;1570;6.4;0;61.1;5.4;14.8;0;0;0.9;0
5.153;Kjeks søt, sjokoladebiter, nøtter, Cookies, små;3;2056;25.3;0;59.1;2.3;5.7;0;0;2.9;0
5.154;Smørbrødkjeks, salt, fet, type Ritz, Seltiner;3;1952;23.4;0;53.5;3.8;8.6;0;0;2.4;0
5.156;Hveteflak ristet, med hvetekli, type All-bran Regular;4;1523;2.8;0;66;14.7;10.6;0;0;0.9;0
5.158;Frokostkorn, sjokoladesmak;4;1636;2;0;83;3.4;7.3;1;0;0.2;0
5.162;Mesterbrød, kjøpt;34;1067;2.9;0;45.3;5.4;8.6;0;0;0.6;0
5.163;Birkebeinerbrød, kjøpt;36;1015;2.8;0;42.4;6.2;8.3;0;0;0.5;0
5.164;Norsk fjellbrød, kjøpt;36;993;2.9;0;39.9;6.1;9.3;0;0;0.6;0
5.165;Kneippbrød, Bakers;37;1014;2.8;0;43;5.6;7.9;0;0;0.5;0
5.17;Squashfrø, gresskarfrø;7;2312;45.8;0;12.7;3.9;21.8;19;0;26;0
5.18;Vannbakkels, uten fyll;35;1652;30.5;194;20.2;1.1;10.1;386;3.2;4.6;1
5.182;Chapatti brød, sammalt mel;35;994;1.8;0;40.6;9;9.7;0;0;0.7;0
5.183;Grovbrød, halvstekt type, stekt;37;950;1.5;0;41;6.2;8.7;0;0;0.7;0
5.184;Pumpernikkel, fullkornbrød, kjøpt;40;859;1.6;0;37;9.9;5.4;10;0;0.3;0
5.185;Landbrød, halvstekt type, stekt;36;1017;1.6;0;45;5.2;8.9;0;0;0.5;0
5.186;Loff, hvitt brød, halvstekt type, stekt;34;1097;1.6;4;50.2;3.7;9.1;0;0;0.5;0
5.187;Skillingsbolle, kanelsnurr;24;1414;11;2;50.2;2.2;8;101;1;1.2;2
5.188;Pitabrød, fint, kjøpt;41;922;1.1;0;42.7;3.1;7.7;0;0;0.5;0
5.189;Knekkebrød, rug, tynt, type Rugsprø, Finncrisp;5;1457;1.7;0;63.6;15.7;11;1;0;0.8;0
5.19;Knekkebrød, glutenfritt;7;1604;6.5;0;71.1;6.6;6;52;0;0.6;0
5.192;Kavring, søt, sukkerkavring;5;1675;11;15;57.5;6.5;14;85;0;1.6;0
5.193;Riskaker, lettsaltet;5;1609;3;0;78;4.5;8;1;0;1;0
5.194;Riskaker, usaltet;5;1609;3;0;78;4.5;8;1;0;1;0
5.195;Tacoskjell, maisskjell;7;2035;25.2;0;56;5.2;6.4;0;0;2.1;0
5.196;Tortilla, hvetelefse, fint;27;1247;7.1;0;48.3;2.5;8.4;0;0;1.1;0
5.197;Kjeks søt, grov, type Digestive;3;1972;20.3;0;62.9;3.6;7.2;0;0;3.7;0
5.198;Pepperkaker;2;1923;15.9;15;72.5;1.5;5.3;124;1;1.5;0
5.199;Berlinerbolle, kjøpt;31;1356;13.6;20;42.8;2.2;6.3;31;0;1.3;1
5.2;Bløtkake med krem, syltetøy, marsipanlokk;37;1532;25.2;92;29.1;1.9;5.3;256;0.2;3.4;4
5.201;Sjokoladekake, uten glasur;29;1497;18.2;56;40.7;2;6.8;193;1.7;2.1;1
5.202;Hveteboller, med lettmelk;29;1317;10.2;3;45.9;2.3;8.3;93;0.9;1.1;2
5.203;Mazarin, kjøpt;13;1909;22.5;19;57.7;0.3;5.5;127;1.8;1;0
5.205;Ostekake, med kjeksbunn;49;1194;18.6;35;24.8;1;4.5;192;0.7;1;0
5.206;Rundstykke fint, sk melk;35;1103;5.2;0;43;2.5;9.4;42;0.4;0.8;0
5.207;Hveteboller med rosiner, kjøpt;29;1170;5.7;0;46.6;3.9;8;34;0;1.1;0
5.208;Nøttekake, myk;21;1746;24.3;109;39.3;2.4;9.4;76;0.4;8.4;0
5.21;Gulrotkake;37;1187;9.4;60;42.3;1.8;6.2;207;0.8;2.1;0
5.211;Baguette fin, halvstekt type, stekt;34;1100;1.4;0;50.6;2.5;9.9;0;0;0.3;0
5.212;Ris polert, langkornet, tørr;13;1457;0.7;0;75.9;1;7.8;0;0;0;0
5.215;Rundstykke grovt, halvstekt type, stekt;29;1219;5.3;0;48.7;6.5;8.4;0;0;1.3;0
5.216;Rundstykke fint, halvstekt type, stekt;33;1153;3.8;0;48.3;3.5;9.6;0;0;0.3;0
5.217;Hveteboller uten rosiner, kjøpt;26;1337;6.3;0;54.8;3.1;8.7;38;0;1.2;0
5.218;Pannekaker, med sk melk, stekt uten fett;63;651;1.8;52;25.8;1;8.1;36;0.2;0.8;1
5.221;Kjeks søt, havre, type Bixit;3;1919;19.1;4;60.9;5.7;7.7;0;0;2.3;0
5.222;Nudler uten egg, tørr;11;1658;6.2;0;68.8;5.2;12.8;0;0;0;0
5.223;Rismel, risstivelse;11;1527;1.3;0;79.3;0.8;7.3;0;0;0;0
5.224;Sorghum;11;1521;3.3;0;69.8;3.2;11;0;0;0.8;0
5.225;Couscous, tørr;9;1361;0.6;0;63.6;5;12.8;0;0;0.1;0
5.226;Pasta naturell, fersk, rå;30;1243;1.9;0;56.3;3.6;11;0;0;0.7;0
5.227;Pasta grønn, fersk, rå;30;1229;2.3;0;54.2;2.9;11.7;0;0;0.9;0
5.229;Pasta naturell, fersk, kokt;70;547;4;45;18.2;1;4.8;31;0.2;1;1
5.231;Bokhvete, hele korn;14;1350;2;0;60.4;5.8;11.9;1;0;0.1;0
5.233;Bulgurgryn, tørr;9;1393;2.3;0;62.5;7.7;10.8;0;0;1.4;0
5.235;Kornblanding, med frukt, nøtter el. frø, Müsli;10;1560;9.5;0;56.9;8.9;10;0;0;2.3;0
5.236;Kornblanding, med frukt, Müsli;9;1448;4.6;0;62.9;7.3;8.8;0;0;0.5;0
5.237;Havreputer, type Havrefras;4;1577;6.4;0;63;10;11.1;0;0;0.6;0
5.238;Kornblanding, Müsli med frukt, nøtter, søtet;8;1585;5.9;0;66;6.8;11.2;0;0;1.5;0
5.239;Corn flakes, søt, type Frosties;4;1598;0.9;0;86;1.8;5.2;0;0;0;0
5.24;Frokostkorn, ristet hvete og ris, type Spesial K;5;1631;1.7;0;75;3.3;15.7;0;0;0.3;0
5.241;Hvetekli ristet, type All-Bran plus;3;1425;4.6;0;47.4;27.8;13.3;0;0;2.3;0
5.242;Hveteflak ristet, med kli og frukt;5;1469;2;0;66;15;9;0;0;0.8;0
5.243;Nudler hvete, uten egg, kokt;65;725;4.3;0;27.7;1.9;4.7;0;0;0.5;0
5.244;Hvetebrikker, type Weetabix;6;1528;2.5;0;67.4;10.5;12.1;0;0;0.8;0
5.245;Grøt, risgrøt, med helmelk;81;364;2.8;7;11.9;0.3;3.3;23;0;0.1;0
5.246;Pannekaker, med helmelk, stekt i hard margarin;57;848;7.7;58;24.9;0.9;7.8;89;0.5;1.2;1
5.247;Vafler med egg, lettmelk;56;863;8.4;64;24.9;1;7.1;105;0.8;1.4;1
5.248;Tortilla, maislefse;28;1258;7.6;0;46.2;3.9;9.4;0;0;1;0
5.249;Glutenfritt mel, brød og kakemiks, Toro;5;1486;1.1;0;84;0;1;0;0;0;0
5.25;Glutenfritt mel, lyst, Toro;5;1604;3;0;85;1.8;2;0;0;0.3;0
5.251;Glutenfritt mel, grovt, Toro;5;1429;2.5;0;72.5;5.5;3.5;0;0;0;0
5.252;Couscous, kokt;58;774;5;0;28.6;2;5.1;7;0.1;0.5;0
5.253;Pasta grønn, fersk, kokt;68;585;4.2;47;19.3;1.2;5.4;51;0.2;1.2;2
5.254;Ris, hurtigris, kokt;77;390;0.1;0;20.8;0.2;1.8;0;0;0;0
5.255;Ris upolert, naturris, langkornet, kokt;73;421;0.7;0;19.5;2.6;2.5;0;0;0.2;0
5.258;Pannekaker, med lettmelk, stekt i hard margarin;60;774;5.6;55;25.1;0.9;7.8;72;0.5;1.1;1
5.262;Glutenfritt brød, fint, vann;50;828;1.5;0;43.5;1.1;1.4;0;0;0.2;0
5.263;Glutenfritt brød, grovt, vann;50;744;1.4;0;37.1;3;2.2;0;0;0;0
5.264;Glutenfritt brød, fint, lettmelk;46;912;2;2;46.3;1.1;2.5;4;0;0.2;0
5.265;Glutenfritt brød, grovt, lettmelk;46;829;1.8;2;40.3;2.9;3.2;4;0;0;0
5.266;Glutenfrie boller, med lettmelk;34;1168;7.8;24;48.3;0.3;3.3;82;0.7;0.8;0
5.268;Muffins, med sjokoladebiter, kjøpt;20;1677;22;70;43.8;1.4;6.3;18;0;6.8;0
5.27;Vafler med egg, sk melk;56;837;7.7;60;24.9;1;7.1;98;0.8;1.4;1
5.271;Rundstykke, grovt, kjøpt;27;1232;3.5;9;52.2;4.6;10.5;0;0;0.6;0
5.272;Rugbrød, fint, kjøpt;35;1047;2.6;6;45.7;5;7.9;0;0;0.4;0
5.273;Rugbrød, grovt, kjøpt;36;993;3.4;8;38.7;7.4;8.8;0;0;0.6;0
5.274;Kneippbrød, kjøpt;36;987;2.2;4;42.6;4.4;8.6;0;0;0.5;0
5.278;Grovbrød, med sirup, kjøpt;36;968;2.4;5;41.4;4.1;8.4;0;0;0.6;0
5.279;Grovbrød, uten sirup, kjøpt;38;991;2.5;4;41.2;6.3;8.7;0;0;0.5;0
5.28;Frokostbrød fint, kjøpt;29;1268;6.4;21;47.5;5.6;10.5;0;0;1;0
5.281;Frokostbrød grovt, kjøpt;30;1193;5.1;7;45;6.3;11.1;0;0;1.1;0
5.282;Pannekaker, med sk melk, stekt i hard margarin;61;733;4.5;51;25.1;0.9;7.8;63;0.5;1.1;1
5.283;Loff, hvitt brød, spiral, kjøpt;34;1117;3.3;8;47.5;3.9;9.2;0;0;0.6;0
5.284;Loff, hvitt brød, formstekt, kjøpt;34;1084;2.9;7;46.6;3.1;9.4;0;0;0.5;0
5.285;Bulgurgryn, kokt;59;743;4.7;0;27.7;3.1;4.3;0;0;0.9;0
5.286;Hveteboller, med sk melk;29;1297;9.6;0;46;2.3;8.3;88;0.9;1.1;2
5.287;Wienerkringle med mandelfyll;26;1583;21.6;14;39;2.8;5.8;104;1.5;4.2;0
5.288;Vafler med egg, lettmelk, uten fett;54;783;2.9;62;30.9;1.4;8.2;47;0.2;1;1
5.289;Ris polert, langkornet, kokt;69;512;0.2;0;26.4;0.8;2.9;0;0;0;0
5.29;Firkornbrød, kjøpt;32;1057;4.8;0;40.4;3.9;9.5;0;0;1.4;0
5.291;Eggekrem, vaniljekrem;74;541;5.4;120;12.7;0.2;7.3;96;0.4;1.4;0
5.292;Sjokoladeglasur;17;1600;11.8;3;64.8;2.2;2.6;3;0;0.3;0
5.293;Smørkrem, med smør;11;2309;40.4;202;46.2;0;1.7;571;4.5;1.2;0
5.294;Smørkrem, med hard margarin;11;2262;39.5;101;45.7;0;1.4;463;4;3.6;0
5.295;Vaniljekrem, med helmelk;75;486;3.6;15;17.8;0.1;2.9;31;0;0.1;0
5.299;Melisglasur;15;1358;0;0;79.9;0;0;0;0;0;1
5.3;Rundstykke fint, vann;39;1044;5.2;0;40.9;2.5;8;41;0.4;0.8;0
5.301;Rundstykke grovt, vann;39;1029;5.4;0;38;5.2;8.3;41;0.4;0.9;0
5.302;Rundstykke mellomgrovt, vann;39;1031;5.3;0;39.2;3.8;8.1;41;0.4;0.9;0
5.303;Fiberbrød, Fiberbakst, kjøpt;34;1039;3.2;5;41.2;6.1;10.1;0;0;1;0
5.304;Ris, hurtigris, 1% salt, tørr;10;1483;0.2;0;78.2;1.5;7.9;0;0;0;0
5.305;Ris polert, Basmatiris, tørr;12;1503;1;0;76.8;0.5;9.2;0;0;0;0
5.306;Ris polert, Jasminris, tørr;13;1505;0.7;0;79.5;0;7.5;0;0;0;0
5.307;Ris grøtris, 5-25 min koketid, tørr;10;1501;0.6;0;80;1.2;6.4;0;0;0;0
5.308;Kjeks søt, fylt med syltetøy el. frukt;12;1628;9.8;0;68.9;2;4.6;15;0;0.8;0
5.309;Kjeks søt, havre, type SIBAS;5;1909;18.5;0;62.2;3.7;8.1;100;1.5;3.1;0
5.31;Kjeks søt, havreflarn;3;2033;22.4;0;64;2.6;5.6;22;0;3.8;0
5.311;Kjeks søt,  sjokoladebiter, Cookies, store;9;1765;16.4;24;60.7;2.8;6.1;8;0;1.5;0
5.312;Croissant uten fyll, kjøpt;22;1690;21.4;33;43.7;1.3;8.5;93;0;1.5;0
5.313;Kakelefse, Vestlandslefsa, ferdig smurt, kjøpt;30;1454;17.2;0;41.4;1.9;5.8;108;1.7;2.9;0
5.314;Skillingsbolle, kanelsnurr med sukkerstrø, kjøpt;25;1233;5.2;0;51.8;2.2;8.4;17;0;0.8;0
5.315;Skillingsbolle med vaniljekrem, melisglasur, kjøpt;39;1104;5.2;0;46;2;6.7;10;0;0.8;0
5.316;Wienerbrød med syltetøy, kjøpt;34;1446;17.9;0;37.9;2.8;6.9;127;2;3.5;5
5.317;Brownies med sjokoladeglasur, kjøpt;15;1761;20.2;40;54.2;3;4;3;0;3.1;0
5.318;Donuts med sjokoladeglasur, kjøpt;18;2066;37.3;8;33.3;1.8;6.2;6;2.5;4.4;0
5.319;Formkake med glasur, kjøpt;23;1659;18.2;38;52.7;1.2;4.7;15;0;6;0
5.32;Formkake uten glasur, kjøpt;18;1699;20;57;51.6;1.5;4.1;7;0;6;0
5.321;Gulrotkake med ostekrem, kjøpt;31;1391;12.4;21;50.3;1.6;3.8;51;0;2.7;0
5.322;Muffins med blåbær, kjøpt;25;1584;20.5;74;42.3;1.6;5.5;25;2;5.6;M
5.323;Rullekake, med smørkrem, kjøpt;21;1603;17;30;51.6;1.9;4.8;55;0;2.4;0
5.324;Sjokoladekake, med glasur, kjøpt;17;1753;21.6;46;50;2.3;5;11;1;5.4;0
5.325;Pasta, fersk med kjøtt, Tortellini, rå;31;1230;4.6;61;47.1;3.5;13.6;16;0;0.8;0
5.326;Pasta, fersk med kjøtt og ost, Tortellini, rå;35;1191;4.1;27;48.8;2.8;11;22;0;2.2;0
5.327;Pasta, fersk med ost, Ravioli, rå;29;1354;7.4;48;48.4;4.1;13.2;45;0;1.4;0
5.328;Smørbrødkjeks, type Start;4;1651;5.1;0;75;3.4;9.4;3;0;0.7;0
6.001;Potet, tidligpotet, rå;80;228;0.1;0;11.2;1.1;1.5;0;0;0.2;17
6.003;Potet, høstpotet, rå;78;306;0.1;0;15.3;1.6;1.7;0;0;0.2;13
6.004;Potet, lagringspotet, rå;77;333;0.1;0;16.6;2;1.8;0;0;0.1;14
6.005;Potet, hermetisk, avrent;83;301;0.1;0;15.1;2.3;1.3;0;0;0.1;5
6.006;Pommes frites, fryst;66;641;5.2;0;22;4.6;2.2;0;0;0.5;10
6.007;Potetchips;1;2226;31.8;0;54.7;3.4;5.4;0;0;4.1;27
6.008;Potetmos, av pulver med melk;80;404;3.5;0;13.6;1.2;2;0;0.3;0.1;7
6.009;Potetskruer, potetringer;1;1935;19;0;61;13.7;5;0;0;0.1;10
6.01;Agurk, norsk, rå;96;44;0.1;0;1.2;0.8;0.8;7;0;0.1;8
6.011;Artiskokk, rå;85;113;0.2;0;1.3;4.5;2.8;8;0;0.4;2
6.012;Asparges, rå;92;94;0.2;0;1.3;1.5;3.1;27;0;2;33
6.014;Asparges, hermetisk, avrent;94;101;0.2;0;1.7;1.5;3.1;29;0;2;33
6.015;Aubergine, rå;93;95;0.5;0;2.2;2.3;1.2;6;0;0;4
6.016;Blomkål, buketter, norsk, rå;92;97;0.2;0;2.3;2.3;1.9;4;0;0.3;58
6.018;Brokkoli, med stilk, norsk, rå;90;119;0.3;0;1.9;2.7;3.2;30;0;0.5;70
6.023;Bønner, brune, tørre;11;1319;1.5;0;44.6;16.4;22;2;0;0.3;0
6.024;Bønner, hvite, i tomatsaus, hermetisk;73;400;0.6;0;14.3;6.6;4.8;6;0;0.4;0
6.027;Erter, fryst;78;283;0.4;0;8;5.5;5.2;33;0;0;23
6.028;Erter, grønne, hermetisk, avrent;82;260;0.4;0;7.7;4.9;4.4;33;0;0;10
6.029;Erter, gule, tørre;9;1215;2.1;0;41.4;7.4;22;1;0;0.1;1
6.03;Erter, tørkede, hermetisk, avrent;70;452;0.5;0;16.2;5.1;6.9;5;0;0.3;0
6.031;Sukkererter, norsk, rå;86;177;0.1;0;5.3;2.9;3.5;12;0;0.3;46
6.032;Endivesalat, rå;95;55;0.1;0;1;2.2;1;4;0;0.1;4
6.033;Gresskar, rå;92;54;0.1;0;1.7;0.5;1;258;0;1.1;9
6.034;Gressløk, rå;90;108;0.4;0;1.3;3.1;2.7;309;0;3.7;23
6.035;Grønnkål, rå;85;150;0.7;0;2.2;3.8;3.3;446;0;5.4;120
6.036;Gulrot, norsk, rå;89;151;0.1;0;6.7;2.7;0.7;438;0;0.6;4
6.037;Hodekål, rå;90;137;0.1;0;5.2;2.6;1.4;1;0;0.2;54
6.038;Hvitløk, rå;64;486;0.6;0;18.6;1.7;7.9;0;0;0;17
6.039;Kastanjer, ristede;41;821;2.2;0;36.6;7.9;3.2;1;0;0.5;26
6.04;Kinakål, norsk, rå;95;63;0.1;0;1.8;1.2;1.1;6;0;0.4;22
6.041;Kålrot, kålrabi, norsk, rå;89;149;0.1;0;6.4;2.7;0.9;12;0;0.1;35
6.042;Løk, norsk, rå;88;135;0.1;0;5.7;2;1.1;0;0;0.2;6
6.044;Mais, norsk, rå;77;357;1.7;0;12.6;3.2;3.2;5;0;0.2;4
6.046;Neper, norsk, rå;91;115;0.1;0;4.7;2;0.9;2;0;0.1;31
6.047;Paprika, grønn, rå;93;88;0.3;0;2.8;2;0.8;22;0;0.8;120
6.048;Paprika, rød, rå;90;127;0.4;0;4.7;1.9;1;320;0;0.9;140
6.049;Pastinakk, rå;79;277;1.1;0;10;4.5;1.8;3;0;1;17
6.05;Persille, norsk, rå;85;135;0.4;0;1.6;5;3.1;467;0;2.6;108
6.051;Persillerot, norsk, rå;84;195;0.3;0;7.3;3.8;1.7;1;0;1.1;52
6.052;Purreløk, norsk, rå;87;118;0.2;0;3.6;2.8;1.6;34;0;0.8;16
6.053;Rabarbra, rå;94;65;0.2;0;0.7;3.8;0.9;5;0;0.4;13
6.054;Reddik, norsk, rå;94;69;0.1;0;2.5;1.3;0.7;1;0;0.1;21
6.055;Rosenkål, norsk, rå;82;221;0.6;0;4.4;4.6;5.1;18;0;0.3;113
6.056;Rosenkål, fryst;86;182;0.4;0;4.3;3.7;3.8;17;0;0.5;117
6.057;Rødbete, norsk, rå;86;206;0.2;0;8.9;2.5;1.6;0;0;0.1;2
6.058;Bladsalat, norsk, rå;96;44;0.1;0;0.7;1;1.2;78;0;0.6;3
6.059;Isbergsalat, issalat, norsk, rå;96;52;0.1;0;1.5;1.1;0.8;19;0;0.2;4
6.06;Sellerirot, norsk, rå;87;114;0.3;0;2.8;3.5;1.6;0;0;0.5;15
6.061;Sikorisalat, rå;94;64;0.6;0;0.9;2.2;0.5;10;0;0.1;5
6.062;Sopp, norsk,  rå;90;92;0.3;0;0.3;1.8;3.6;0;0;0.4;0
6.063;Sopp, sjampinjong hermetisk, avrent;93;92;0.5;0;0.7;2.4;2.5;0;0;0;2
6.064;Spinat, rå;92;88;0.6;0;0.4;1.9;2.6;275;0;1.7;54
6.065;Spinat, fryst, rå;93;79;0.5;0;0.5;2;2.1;267;0;1.7;24
6.067;Spisskål, rå;92;77;0.3;0;0.9;1.9;2.1;2;0;0.2;66
6.068;Stilkselleri, stangselleri, norsk, rå;92;65;0.1;0;1.3;2.5;1.1;46;0;0.6;13
6.069;Tomat, norsk, rå;94;74;0.2;0;2.5;1.5;0.7;67;0;0.7;17
6.07;Tomat, hermetisk;94;83;0.2;0;3;0.9;1;18;0;0.7;12
6.071;Tomatjuice;94;76;0;0;3;1.4;0.8;16;0;0.2;8
6.072;Blomkål, erter, gulrot, fryst;88;166;0.4;0;4.8;3.2;2.6;251;0;0.3;23
6.073;Erter, gulrot, fryst;85;202;0.4;0;6.1;4;3;375;0;0.4;13
6.074;Erter, gulrot, mais, fryst;81;287;0.6;0;11;3.3;3;251;0;0.3;12
6.075;Blomkål, bønner, erter, gulrot, fryst;88;151;0.3;0;4.3;3.3;2.4;191;0;0.3;20
6.076;Agurker, syltede;83;156;0.7;0;6.1;1.8;0.7;15;0;0.2;0
6.077;Rødbeter, syltede;82;274;0.1;0;13.6;2.6;1.1;1;0;0.1;5
6.078;Surkål, kjøpt;86;124;0;0;5.1;1.7;1.4;2;0;0;10
6.079;Ketchup, tomatketchup;70;455;0.4;0;23.5;1.2;1.8;19;0;1.5;15
6.08;Tomatpuré;72;332;0.2;0;12.9;3.6;4.5;105;0;2.3;4
6.082;Potetchips, mindre fett;5;1917;18;0;63;14;4;0;0;0.1;10
6.083;Soyabønner, tørre;10;1677;17.7;0;18.9;15.3;34;4;0;0.8;0
6.084;Bønner, hvite, tørre;11;1263;1.6;0;41.4;15.8;22;1;0;0.3;0
6.085;Squash, Zucchini, rå;94;80;0.2;0;2;1;1.8;51;0;0.1;21
6.086;Knutekål, rå;91;98;0.1;0;3;1.8;1.7;2;0;0.2;62
6.087;Soyamel;7;1980;23.5;0;23.5;10.7;36.8;6;0;0.5;0
6.088;Paprika, gul, rå;91;113;0.2;0;3.6;3;1.2;15;0;0.8;130
6.089;Bønner, mung, tørre;11;1209;1.1;0;38.3;13.9;23.9;2;0;0.3;0
6.09;Bønner, røde, tørre;11;1163;1.4;0;36.7;14;22.1;1;0;0.3;4
6.091;Erter, kikerter, tørre;10;1384;5.4;0;42;13.5;21.3;3;0;0.3;0
6.092;Mangold, sølvbete, rå;93;94;0.2;0;2.9;0.8;1.8;165;0;1.5;30
6.093;Rødkål, rå;91;107;0.2;0;3.4;2;1.5;1;0;0.1;60
6.095;Potet, lagringspotet, kokt uten skall, saltet vann;75;307;0.1;0;15.2;1.6;1.9;0;0;0.1;11
6.096;Potet, lagringspotet, kokt med skall;76;340;0.1;0;17.1;1.6;1.9;0;0;0.1;13
6.097;Rapidsalat, norsk, rå;95;48;0.2;0;0.3;1.4;1.4;172;0;0.7;4
6.098;Bønner, grønne, rå;91;114;0.1;0;3.4;3;1.7;9;0;0.1;7
6.501;Bjørnebær, rå;86;180;0.4;0;6.4;5.6;0.7;8;0;0.6;15
6.502;Blåbær, rå;83;215;0.9;0;7.5;4.6;1;4;0;2;12
6.503;Bringebær, rå;87;122;0.4;0;3.2;4.3;1.1;1;0;1.7;17
6.504;Jordbær, rå;88;144;0.2;0;6.6;2;0.5;1;0;0.7;69
6.505;Jordbær,  250 g sukker pr. kg bær, fryst;71;457;0.2;0;25.3;1.6;0.4;1;0;0.6;55
6.506;Kirsebær, rå;83;174;0;0;9;1.1;0.7;64;0;0.6;4
6.507;Moreller, rå;83;222;0.1;0;11.3;1.3;0.9;6;0;0.3;9
6.508;Molter, rå;84;191;1.1;0;4.4;6;1.6;12;0;3.2;95
6.509;Molter,  250 g sukker pr. kg bær, fryst;67;493;0.9;0;23.5;4.8;1.3;9;0;2.6;76
6.511;Nypesuppe, pulver;2;1266;0.2;0;71;5;0.7;48;0;0;190
6.512;Rips, rå;81;223;1.2;0;6.9;5.1;1.2;2;0;1;27
6.513;Solbær, rå;79;230;1;0;7.6;5.2;1.3;8;0;2;159
6.514;Stikkelsbær, rå;89;155;0.6;0;5.4;3.4;0.8;7;0;0.4;32
6.515;Tyttebær, rå;83;183;0.6;0;7;3.7;0.7;1;0;1.5;8
6.516;Tyttebær, 500 g sukker pr.kg bær, fryst;56;688;0.4;0;37.9;2.5;0.5;1;0;1;5
6.517;Ananas, rå;87;197;0.2;0;10.1;1.4;0.4;1;0;0.1;12
6.518;Ananas, hermetisk, med egen saft;87;219;0;0;12.2;0.8;0.3;1;0;0;11
6.519;Ananas, hermetisk, med sukkerlake;82;295;0;0;16.5;0.8;0.5;1;0;0.1;13
6.52;Appelsin, rå;88;156;0.1;0;7.2;1.8;0.9;2;0;0.3;51
6.521;Aprikos, rå;87;154;0.1;0;7.2;1.6;0.9;34;0;4;6
6.522;Aprikos, hermetisk, med sukkerlake;80;294;0.1;0;16.1;1.2;0.4;13;0;0.9;5
6.523;Aprikos, tørket;15;1018;0.7;0;43.4;21.6;4.8;53;0;6.2;1
6.524;Avocado, rå;73;804;19.5;0;0.5;5.2;1.9;1;0;3.2;6
6.525;Banan, rå;76;350;0.3;0;18.1;1.6;1.1;2;0;0.2;10
6.526;Klementin, rå;88;181;0.1;0;8.7;1.7;0.9;6;0;0.2;54
6.527;Daddel, tørket;12;1273;0.2;0;68;7.8;2.8;3;0;0.3;0
6.528;Drue, uspesifisert, rå;83;263;0.2;0;13.8;1.1;0.7;2;0;0.3;2
6.529;Eple, norsk, rå;86;199;0.1;0;10;2.5;0.3;1;0;0.4;10
6.53;Eple, hermetisk;82;291;0.5;0;15;1.8;0.2;3;0;0.1;0
6.531;Eple, tørket;31;1075;0.3;0;57.2;9.5;0.9;1;0;0.2;4
6.532;Fersken, rå;89;167;0.1;0;7.6;2.1;1;4;0;1.8;31
6.533;Fersken, hermetisk, med egen saft;87;182;0;0;9.7;0.9;0.6;6;0;0.4;6
6.534;Fersken, hermetisk, med sukkerlake;81;254;0;0;14;0.9;0.5;6;0;0.4;5
6.535;Fiken, tørket;17;1136;1.6;0;53.9;12.4;3.6;7;0;0.3;1
6.536;Fruktcocktail, hermetisk, med egen saft;87;137;0;0;7.2;1;0.4;5;0;0.4;14
6.537;Fruktcocktail, hermetisk, med sukkerlake;82;266;0;0;14.8;1;0.4;5;0;0.4;4
6.538;Grapefrukt, rå;89;137;0;0;6.8;1.4;0.6;1;0;0.2;36
6.539;Kiwi, rå;84;239;0.5;0;10.6;2.7;1.1;3;0;0.2;59
6.54;Kompott, av frukt og bær;65;422;0.2;0;23.8;0.8;0.2;26;0;0.1;2
6.542;Mango, rå;82;274;0.2;0;14.1;1.9;0.7;148;0;1;37
6.543;Melon, vann, rå;90;151;0.1;0;7.6;0.5;0.8;19;0;0.1;8
6.544;Plomme, rå;85;186;0.1;0;9.3;2;0.5;4;0;0.4;7
6.545;Plomme, hermetisk, med sukkerlake;81;277;0;0;15.5;1;0.3;2;0;0.2;1
6.546;Pære, norsk, rå;84;183;0.1;0;8;4.5;0.4;2;0;0.4;8
6.548;Pære, hermetisk, med sukkerlake;83;240;0;0;13.2;1.5;0.2;0;0;0;2
6.549;Rosiner;13;1218;0.4;0;65.8;6.1;2.1;1;0;0.2;1
6.55;Sitron, rå;90;78;0.3;0;2.2;2;0.8;1;0;0.2;53
6.552;Svisker;22;803;0.5;0;36.5;14.5;2.8;12;0;2.3;0
6.553;Hasselnøtter;5;2762;63.5;0;6;8.9;14.1;0;0;24.2;0
6.554;Kokosmasse, usøtet;2;2753;65.7;0;6.4;13;6.4;0;0;0.7;0
6.555;Mandler, skåldet;4;2598;55.8;0;6.9;7.2;21.1;0;0;23.8;0
6.556;Oliven, grønne, pickles;78;531;12.7;0;0.3;4;1.4;23;0;0.1;0
6.557;Peanøtter;6;2415;46.1;0;12.5;7.3;25.8;0;0;9.2;0
6.558;Peanøtter, salte;2;2575;53;0;7.7;7.7;24.8;0;0;3.5;0
6.559;Peanøttsmør;1;2641;53.7;0;12.6;6.8;22.7;0;0;4.7;0
6.56;Valnøtter;3;2888;68.5;0;3.3;5.9;14.7;0;0;1.4;0
6.565;Marmelade, 25 % appelsin, 65 % sukker;43;880;0;0;51.4;0.4;0.2;0;0;0.1;8
6.566;Saft, 500 g sukker pr. l råsaft, ublandet;54;710;0.8;0;38;2.6;0.8;3;0;0.9;24
6.567;Saft,1000 g sukker pr. l råsaft, ublandet;40;959;0.6;0;53.6;1.9;0.6;2;0;0.7;18
6.568;Appelsinjuice;88;183;0.2;0;9.6;0.1;0.7;1;0;0.2;31
6.569;Appelsinsaft, ublandet;56;719;0;0;41.8;0;0.5;1;0;0.1;19
6.571;Eplejuice, most;88;181;0.1;0;10.2;0.3;0.1;0;0;0;1
6.574;Solbærsirup, ublandet;45;861;0.6;0;47.6;2.2;0.7;6;0;1.2;45
6.581;Pasionsfrukt, rå;75;184;0.4;0;5.8;3.3;2.6;30;0;1.8;23
6.582;Cashewnøtter, uten salt;4;2440;48.2;0;18.1;6;17.7;1;0;0.3;0
6.583;Saft, 500 g sukker pr. l råsaft, drikkeferdig;88;177;0.2;0;9.5;0.6;0.2;1;0;0.2;12
6.584;Saft, 1000 g sukker pr. l råsaft, drikkeferdig;88;191;0.1;0;10.7;0.4;0.1;0;0;0.1;7
6.585;Appelsinsaft, drikkeferdig;91;145;0;0;8.4;0;0.1;0;0;0;3
6.586;Eplenektar;89;179;0.1;0;10.2;0;0.1;0;0;0;7
6.587;Solbærsirup, drikkeferdig;89;170;0.1;0;9.5;0.4;0.1;1;0;0.2;18
6.588;Jordbær, 100 g sukker pr. kg bær, fryst;80;287;0.2;0;15.1;1.8;0.5;1;0;0.7;63
6.589;Husholdningssaft, ublandet, kjøpt;46;893;0.2;0;51.8;0;0.3;1;0;0.2;3
6.59;Husholdningssaft, drikkeferdig;89;179;0;0;10.4;0;0.1;0;0;0.1;1
6.591;Syltetøy 45 % bær, 25 % sukker;59;495;0.2;0;27.7;1.4;0.3;1;0;0.4;14
6.592;Paranøtter;3;2882;68.2;0;3.1;8.1;14.2;0;0;5.7;0
6.593;Pekannøtter;4;2921;70.1;0;5.8;9;9.2;4;0;1.4;0
6.594;Pistasjnøtter, saltet;2;2542;55.4;0;8.2;6.1;17.9;11;0;1.4;0
6.595;Cherimoya, rå;74;255;0.4;0;11.7;2.4;1.3;1;0;0.1;9
6.596;Granateple, rå;80;242;0.2;0;7.8;10;1.3;3;0;0.9;13
6.597;Guava, rå;85;160;0.6;0;5;4.9;0.8;40;0;0.9;230
6.598;Hyllebær, rå;80;212;0.5;0;7.4;7;0.7;5;0;1;36
6.599;Kaktusfiken, rå;85;208;0.3;0;9.7;2.5;0.7;3;0;0;22
6.6;Melon, kantaloupe, rå;92;93;0.1;0;4.2;0.9;0.6;83;0;0.1;26
6.601;Kumquat, rå;83;197;0.5;0;7.5;4.4;0.9;9;0;0.1;39
6.603;Lime, rå;90;41;0.3;0;0.8;0.5;0.7;1;0;0.2;46
6.604;Litchi, rå;81;274;0.1;0;14.3;1.5;0.9;0;0;0;45
6.605;Nektarin, rå;89;198;0.1;0;9;2.2;1.4;4;0;1.8;37
6.606;Papaya, rå;89;179;0.1;0;8.8;2.1;0.5;11;0;1.1;60
6.607;Paradisepler, rå;79;133;0.3;0;5.8;2;0.4;2;0;0.6;8
6.608;Pære, hermetisk, med egen saft;87;162;0;0;8.5;1.5;0.3;0;0;0;3
6.61;Melon, honning, rå;92;116;0.1;0;5.6;0.9;0.6;1;0;0;9
6.611;Oliven, sorte, i olje, hermetisk;44;1432;36;0;1.8;4;2.2;3;0;0.1;0
6.613;Solbærsaft, 500 g sukker pr. l råsaft, drikkeferdig;88;180;0.2;0;9.6;0.7;0.2;1;0;0.3;27
6.701;Kokosmelk;73;860;21.3;0;1.5;1.5;2;0;0;0;1
6.702;Sesampostei/-pasta, vegetarpålegg;3;2573;58.9;0;0.9;8;18.5;1;0;0.2;0
6.703;Soyapølse, hermetisk;66;835;15;0;3.5;2;12;0;0;0.3;0
6.704;Soyabønneost, Tofu;85;364;4.6;0;2.4;2.5;7.8;0;0;1;0
6.705;Bønnekarbonader, stekt i soyaolje;56;842;12.5;76;13.7;3.5;7;51;0.3;2;2
6.706;Grønnsaksrøre, med tomat, Ratatouille;88;234;2.9;0;5.4;1.8;1.2;33;0;1.2;34
6.707;Grønnsakgryte, med potet;84;185;0.1;0;8.7;1.6;1.2;63;0;0.2;10
6.708;Bønnegryte, vegetarisk;76;289;0.4;0;9.9;3.5;4.6;8;0;0.4;4
6.711;Soyaburger, stekt i vegetabilsk olje;57;841;11;32;12.6;4.7;10.7;28;0;2.5;5
6.712;Salat, gresk, med fetaost, oliven;86;289;4.8;12;2.5;1.4;3.4;65;0.1;0.5;26
6.713;Vegetabilsk postei, Tartex;61;987;18;0;11.9;0;7;0;0;0.2;0
6.716;Paprika, grønn, kokt;93;83;0.2;0;2.7;2;0.8;18;0;0.8;75
6.717;Paprika, rød, kokt;91;121;0.2;0;4.7;1.9;1.1;50;0;3.2;130
6.718;Gulrot, kokt;89;151;0.1;0;6.7;2.7;0.7;510;0;0.6;3
6.719;Blomkål, kokt;92;97;0.2;0;2.3;2.3;1.9;1;0;0.3;38
6.72;Hodekål, kokt;90;137;0.1;0;5.2;2.6;1.4;5;0;0.2;35
6.721;Kålrot, kokt;89;146;0;0;6.4;2.7;0.9;2;0;0.1;23
6.722;Løk, kokt;88;132;0;0;5.7;2;1.1;1;0;0.2;4
6.723;Purre, kokt;87;118;0.2;0;3.6;2.8;1.6;30;0;0.8;10
6.724;Tomat, kokt;94;74;0.2;0;2.5;1.5;0.7;43;0;0.7;11
6.725;Brokkoli, kokt;89;125;0.3;0;2.1;3;3.2;53;0;0.6;47
6.727;Persillerot, kokt;84;195;0.3;0;7.3;3.8;1.7;2;0;1.1;34
6.728;Druejuice;85;198;0.1;0;11.1;0;0.3;0;0;0;0
6.729;Sitronsaft, flaske;90;39;0.1;0;1.6;0.1;0.4;1;0;0;11
6.73;Solbærsaft, 500g sukker pr. l råsaft, ublandet;52;713;0.7;0;38.3;2.6;0.9;5;0;1.4;53
6.731;Solbærsaft, 1000 g sukker pr. l råsaft, drikkeferdig;88;191;0.1;0;10.7;0.4;0.1;1;0;0.2;16
6.732;Solbærsaft, 1000g sukker pr. l råsaft, ublandet;39;961;0.5;0;53.8;2;0.7;4;0;1;40
6.734;Pizza, med tomatsaus og ost;58;718;5.2;7;22.9;2;7.1;31;0;0.9;5
6.735;Bønner, brune, kokt;57;520;0.6;0;17.4;6.6;8.8;1;0;0.1;0
6.736;Mais, hermetisk;77;378;1;0;16.5;2;2.6;2;0;0.2;1
6.737;Soyaprotein, teksturert;5;1326;5.4;0;17.6;11.6;43.2;0;0;1.5;1
6.738;Pommes frites, gatekjøkken;34;1380;16.8;0;39.8;3.8;3;0;0;2;5
6.739;Potet, tidligpotet, med skall, rå, Kypros;83;254;0.1;0;12.2;1.7;1.7;0;0;0;24
6.74;Brokkoli, med stilk, fryst;91;113;0.3;0;1.9;2.7;2.8;30;0;1.3;68
6.741;Bønner grønne, fryst;89;115;0.2;0;3;3.5;1.7;9;0;0.1;11
6.742;Gulrot, knaskegulrot, norsk, rå;92;104;0.1;0;4.2;2.1;0.7;492;0;0.3;2
6.743;Gulrot, terninger, fryst;91;112;0.2;0;4.1;2.4;0.9;717;0;0.9;4
6.744;Gulrot, babygulrot, fryst;91;107;0.2;0;4;2.3;0.8;717;0;0.8;4
6.745;Mais, fryst;69;488;1.7;0;20.8;2.1;3.2;5;0;0.1;9
6.746;Blomkål, buketter, norsk, fryst;94;92;0.2;0;2.2;1.8;1.9;4;0;0.1;42
6.747;Brokkoli, med stilk, importert, rå;90;124;0.3;0;2.1;2.9;3.2;30;0;0.5;65
6.748;Brokkoli, med stilk, uspesifisert, rå;90;122;0.3;0;2;2.8;3.2;30;0;0.5;67
6.749;Gulrot, baby, importert, rå;91;117;0.1;0;5;2.3;0.6;650;0;0.3;3
6.75;Gulrot, importert, rå;90;120;0.2;0;4.6;2.4;0.9;329;0;0.3;2
6.751;Gulrot, uspesifisert, rå;89;151;0.2;0;6.5;2.7;0.7;427;0;0.6;4
6.752;Tomat cherry, importert, rå;93;71;0.2;0;2.5;1.3;0.6;51;0;1.1;26
6.753;Tomat , importert, rå;94;53;0.2;0;1.2;1.2;0.9;61;0;0.8;17
6.754;Tomat, uspesifisert, rå;94;60;0.2;0;1.7;1.3;0.8;64;0;0.7;17
6.755;Drue, blå, rå;84;227;0.2;0;11.7;1.1;0.7;3;0;0.3;2
6.756;Drue, grønn, rå;82;300;0.2;0;16;1.1;0.7;2;0;0.3;2
6.757;Eple, importert, rå;86;209;0.2;0;10.6;2;0.3;2;0;0.2;3
6.758;Eple, uspesifisert, rå;86;210;0.2;0;10.6;2.1;0.3;2;0;0.2;4
6.759;Pære, importert, rå;85;185;0.1;0;8.9;2.9;0.4;2;0;0.2;3
6.76;Pære, uspesifisert, rå;85;184;0.1;0;8.8;3;0.4;2;0;0.2;4
8.001;Kokosfett;0;3700;100;0;0;0;0;0;0;0;0
8.005;Smør;16;3068;82;219;1;0;1;1134;10;1.7;0
8.006;Maisolje;0;3666;99;0;0;0;0.2;0;0;23.7;0
8.007;Soyaolje;0;3666;99;0;0;0;0.2;0;0;16.2;0
8.008;Tran, Møllers;0;3700;100;500;0;0;0;5400;216;216;0
8.009;Majones, ekte;16;3023;80;91;2.5;0;1.2;43;0.3;8.2;0
8.01;Majones, lett, 50 % fett;44;1937;49.2;51;6.1;0.1;0.7;23;0.2;5;0
8.011;Majones, lett, 40 % fett;50;1654;41.2;51;6.9;0.1;0.7;23;0.2;4.2;0
8.012;Potetsalat, med ekte majones;53;1309;29.6;34;10.5;1;1.6;16;0.1;3.1;8
8.013;Remulade;27;2545;66.1;86;4.7;0.1;1.1;41;0.3;6.8;0
8.014;Majonessalat, ekte majones, 45 % fett;46;1752;44.1;67;2.6;0.6;4.2;49;0.4;5.2;3
8.015;Majonessalat, lett majones, 20 % fett;69;918;21.5;26;5.8;1.1;0.9;101;0.1;2.5;11
8.016;Dressing, majonestype, 40 % fett;46;1676;40;38;10.5;0;1;24;0.1;2.5;0
8.017;Salatdressing, uten fett;81;260;0.1;0;15;0;0.1;1;0;0.2;0
8.019;Olivenolje, vanlig;0;3666;99;0;0;0;0.2;0;0;15.4;0
8.021;Potetsalat, med lettmajones (40% fett);66;776;14.4;18;12.3;1.1;1.5;8;0;1.6;8
8.022;Majones, ekstra lett, 25 % fett;67;1077;26.5;40;4.9;0.1;0.7;19;0.1;2.8;0
8.03;Tran, Møllers Dobbel, kapsler;0;2833;66;330;0;0;23;13375;275;550;0
8.031;Tran, Nycomed;0;3700;100;500;0;0;0;5400;216;220;0
8.102;Bremykt;16;3068;82;142;1;0;1;900;10;8;0
8.103;Brelett;50;1633;40;32;2;0;7;900;10;3;0
8.104;Hvetekimolje;0;3700;99.9;0;0;0;0.2;0;0;137;0
8.105;Sesamolje;0;3692;99.7;0;0;0;0.2;0;0;1.4;0
8.106;Solsikkeolje;0;3629;98;0;0;0;0.2;0;0;59;0
8.111;Frityrolje;0;3663;98.9;0;0;0;0.2;0;0;33.4;0
8.112;Olivenolje, Extra Virgin, Jomfruolje;0;3656;98.8;0;0;0;0;0;0;17.9;0
8.113;Rapsolje, kaldpresset, Odelia;0;3700;100;0;0;0;0;0;0;18;0
8.114;Vita Hjertego´ olje;0;3700;100;0;0;0;0;0;8;30;0
8.117;Margarin, Vita Hjertego´, flytende;13;3155;85;0;0.4;0;0.2;929;8;28;0
8.118;Margarin, Vita Pro aktiv;63;1311;35;0;0.4;0.7;0.2;929;8;5;0
8.119;Brelett Oliven;50;1633;40;70;2;0;7;900;10;3;0
8.121;Majonessalat, med ostemasse, Frokostsalat;45;1840;45.9;58;2.1;0.1;6.2;48;0.2;4.6;0
8.122;Majonessalat, lett majones, 30 % fett;62;1057;24.1;63;4.7;0.5;4.8;37;0.7;3.6;2
8.123;Majonessalat, ekte majones, 35 % fett;51;1499;36.2;48;5.6;0.8;3.4;36;0.2;4.1;4
8.124;Sennepssaus;36;1845;40.2;0;18;0.9;2.6;11;0;4.7;4
8.125;Dressing, majonestype, 15 % fett;68;867;17;13;11.5;0;2.5;6;0;1.9;0
8.126;Dressing, majonestype, 30 % fett;48;1490;31.5;30;18.1;0;1;7;0.1;0.1;0
8.127;Dressing, majonestype, 55 % fett;36;2136;54;51;4.2;0;3.9;24;0.1;3.7;0
8.201;Salatdressing, olje og eddik, Fransk dressing;47;1709;46.1;0;0;0;0.2;0;0;4.7;0
8.202;Waldorfsalat;65;997;23;33;5.7;2.1;1.9;89;0.1;1.8;8
8.203;Potetsalat, med lettrømme;77;415;5.3;15;10.4;1.2;1.9;74;0;0.2;8
8.204;Potetsalat, med seterrømme;73;551;9.2;27;10;1.2;1.8;125;0;0.3;8
8.212;Margarin, Melange;17;2969;80;0;0.3;0;0.2;900;10;9;0
8.213;Margarin, Melange, flytende;18;2972;80;0;0.4;0;0.3;900;10;9;0
8.214;Margarin, Soft Oliven;58;1496;40;0;0.5;0.5;0.2;900;8;5;0
8.221;Margarin, Soft Flora, original;28;2599;70;0;0.3;0;0.2;900;10;8;0
8.222;Margarin, Soft Flora, folie;17;2969;80;0;0.3;0;0.2;900;10;9;0
8.223;Margarin, Soft Flora lett;57;1496;40;0;0.5;0.5;0.2;900;10;5;0
8.228;Margarin, Vita Hjertego´;28;2599;70;0;0.3;0;0.2;929;8;21;0
8.229;Margarin, Vita Hjertego´ lett;58;1496;40;0;0.4;0.7;0.2;929;8;12;0
8.23;Matfett, Flott;0;3700;100;0;0;0;0;0;0;12;0
8.232;Bremykt, flytende;17;3019;81;40;1;0;0.3;900;10;15;0
8.234;Peanøttolje;0;3666;99;0;0;0;0.2;0;0;15.2;0
8.235;Rapsolje;0;3666;99;0;0;0;0.2;0;0;28.3;0
8.236;Palmeolje;0;3700;100;0;0;0;0;0;0;33.1;0
8.237;Smør, usaltet;16;3105;83;223;1;0;1;1134;10;1.7;0
8.238;Margarin uspesifisert, hard;17;2969;80;0;0.3;0;0.2;900;10;7;0
8.239;Margarin uspesifisert, myk;28;2599;70;0;0.3;0;0.2;900;10;8;0
8.24;Matlagingsfett uspesifisert;14;3115;83.9;22;0.3;0;0.3;606;7;11.9;0
9.001;Sukker, brunt;3;1598;0;0;94;0;0;0;0;0;0
9.002;Sukker, farin, raffinade, melis;0;1700;0;0;100;0;0;0;0;0;0
9.003;Honning;19;1346;0;0;78.9;0;0.3;0;0;0;1
9.008;Melkepålegg, sukret, type Hapå;30;1302;6;1;58;0;5.5;0;0;1.2;0
9.009;Nøttepålegg, type Nugatti;1;2165;25.5;5;65.2;2.4;5.5;0;0;5.4;0
9.01;Sjokoladepålegg, type Sjokade;12;1680;18.1;1;57.8;1.3;1;0;0;1.2;0
9.011;Kakaopulver;5;1572;21.9;0;11;24;22.5;3;0;0.2;0
9.012;Sjokoladepulver, uten melk;3;1640;2.5;0;83.3;6.8;4.5;0;0;0.1;0
9.013;Karamell;8;1569;22;17;42.9;0;1.5;39;0.1;0.3;0
9.015;Sirup;21;1261;0;0;74.1;0;0.1;0;0;0;0
9.016;Marsipan, 50 % mandler;4;2120;27.5;0;52.7;3.5;10.5;0;0;11.7;0
9.017;Melkesjokolade;1;2256;32.3;21;53.1;2.6;8.1;26;0;0.6;0
9.018;Sjokolade, med nøtter;1;1967;24.3;16;51.9;3.8;9.1;16;0;3.6;0
9.019;Kokesjokolade, mørk;1;2134;27.6;7;56.8;5.2;6.2;7;0;0.6;0
9.021;Pastiller;9;1091;1.6;0;60;0;0.7;0;0;0;0
9.022;Sukkertøy, drops;3;1377;0;0;78;0;3;0;0;0;0
9.023;Sukkertøy, drops, fylt;2;1367;5.2;0;68.6;0;0.5;0;0;0;0
9.03;Lakris, søt;14;1403;0.5;0;76.8;1.1;4.1;0;0;0;0
9.101;Marsipanbrød, med sjokoladetrekk;11;2050;27.8;0;44.2;5.5;13.3;0;0;9.2;0
9.102;Sjokolade, med kjeks;1;2298;31.1;19;58;2.7;8.2;35;0;0.5;0
9.103;Sjokolade, fylt, konfekt;6;2037;24.3;7;60.2;3.2;5.2;8;0;2.1;0
9.104;Kokesjokolade, lys;1;2201;29.5;14;56.7;3.3;7;27;0;0.6;0
9.105;Sjokolade, småsjokolader, løsvekt/pose;6;1918;22.4;13;56.7;1.9;6.5;11;0;0.6;0
9.106;Smågodt, blandet, uten sjokolade;14;1569;0;0;88.5;0;3.8;0;0;0;0
9.107;Smågodt, salte;20;1218;0;0;62.9;0.5;8.5;0;0;0;0
9.108;Vaniljesukker;8;1549;0;0;91.1;0;0;0;0;0;0
9.109;Sjokoladepulver, Rett i koppen;4;1582;5.1;0;67.5;7.1;11.1;0;0;0;0
9.11;Sorbet;54;763;0;0;43.5;0.2;1.3;1;0;0.1;19
9.111;Kokosbolle;23;1576;14.8;3;55.2;1.7;4.5;6;0;0.2;0
9.113;Lakriskonfekt;8;1637;5.2;0;78.8;1.2;5.6;0;0;0;0
9.114;Saftis;81;313;0.1;0;18.1;0;0.1;0;0;0.1;1
9.116;Sjokolade, melkesjokolade, porøs;1;2177;30.3;18;51.8;2.6;9.1;19;0;0.5;0
9.117;Sjokolade, med gelé og marsipan, type Troika;11;1866;17.8;2;65.6;3.7;3.7;0;0;1.9;0
9.124;Pastiller, uten sukker;12;193;0.1;0;0;22;0.8;0;0;0;0
9.125;Karamell, med sjokoladetrekk;6;1796;21.7;23;53.4;0;5;35;0;2;0
9.127;Skumgodter, Marshmallows;17;1119;0;0;61.9;0;3.9;0;0;0;0
9.128;Geléfrukter, type Seigmenn;19;1243;0;0;65.5;0;7.6;0;0;0;0
9.129;Tyggegummi, med sukker;3;1384;0;0;81;0;0.4;0;0;0;0
10.001;Fruktsaus, av pulver, tilberedt;85;221;0;0;13;0;0;0;0;0;0
10.002;Fromasj, av pulver, tilberedt;64;783;10;0;20;0;4.3;0;0;0;0
10.003;Fruktsuppe, av pulver, tilberedt;85;241;0;0;14;0;0.2;0;0;0;0
10.004;Gelé, av pulver, tilberedt;80;330;0;0;18;0;1.4;0;0;0;0
10.005;Nypesuppe, av pulver, tilberedt;86;226;0.1;0;13;0;0.1;0;0;0;70
10.006;Sjokoladepudding, av pulver, tilberedt;75;349;1.4;0;14.3;0;3.2;39;0;0;0
10.007;Vaniljesaus, av pulver, tilberedt;82;324;1.4;0;12.9;0;3.1;84;0;0;0
10.008;Grytebasis, orientalsk, uten kjøtt;85;224;1;0;8.5;1;2;0;0;0;5
10.009;Grytebasis, med ris, meksikansk, uten kjøtt;79;351;1;0;16;1;2;0;0;0;5
10.01;Grytebasis, med pasta, italiensk, uten kjøtt;80;292;1;0;12;1;2.5;0;0;0;5
10.011;Ertesuppe, av pulver;85;248;1;0;8;1.9;3.5;0;0;0;0
10.012;Blomkålsuppe, av pulver;93;145;1;0;4.5;0.8;1.5;0;0;0;5
10.013;Tomatsuppe, av pulver;91;141;0.5;0;6;0.4;1;0;0;0;5
10.014;Tomatsuppe, med makaroni, av pulver;90;163;0.5;0;7;1;1;0;0;0;5
10.015;Bernaisesaus, av pulver;68;930;21;0;6.5;0;2.5;0;0;0;0
10.016;Brun saus, av blokk;89;240;3.5;0;5.5;0;1;0;0;0;0
10.017;Brun saus, kjøttkakesaus, av pulver;91;148;1;0;5.5;0;1;0;0;0;0
10.018;Hvit saus, av pulver;85;297;2.5;0;8;0;4;0;0;0;0
10.019;Sjysaus, av pulver;95;78;0.5;0;2.5;0;1;0;0;0;0
10.02;Ertestuing, av pulver;65;548;1.5;0;20;1;8.5;0;0;0;0
10.021;Sjokoladedrikk, Rett i koppen;83;302;1;0;13;1.2;2;0;0;0;0
10.023;Fiskesuppe, type Bergensk, av pulver;92;181;1;0;5.5;1;2.5;0;0;0;1
10.024;Betasuppe, av pulver, tilberedt;88;188;0.5;0;7.5;2;1.5;0;0;0;M
10.025;Brun saus, med løk, av pulver;90;166;1.5;0;5.5;0;1;0;0;0;0
10.026;Viltsaus, av pulver;86;263;2.5;0;7;0;3;0;0;0;0
10.028;Grytebasis, Jegergryte, uten kjøtt;88;268;1.5;0;9;1;3;0;0;0;M
10.029;Grytebasis, Stroganoff, uten kjøtt;85;276;1.5;0;9.5;1;3;0;0;0;5
10.031;Tomatsuppe, krutonger, Rett i koppen;89;198;1;0;8;1;1;0;0;0;5
10.032;Blomkål/brokkolisuppe, Rett i koppen;90;174;1.5;0;5.5;1;1;0;0;0;M
10.033;Grytebasis, Pasta di Napoli, uten kjøtt;70;502;3;0;19;1;3.5;0;0;0;5
10.034;Pizzafyllbasis, uten kjøtt;82;275;1;0;12;1;1.5;0;0;0;5
10.1;Buljongpulver;5;609;4.5;0;9;0;17;0;0;0;0
10.109;Grytebasis, med ris, pulver;6;1566;4.5;0;71;4.9;9;0;0;0;M
10.11;Grytebasis, med spagetti, pulver;6;1440;4;0;64;0;12;0;0;0;M
10.113;Tomatsuppe, pulver;5;1573;8.5;0;63;0;11;0;0;0;M
10.123;Fiskesuppe, Bergensk, pulver;6;1513;8.5;0;52;1;18;0;0;0;M
10.124;Potetmospulver, med melk;7;1457;1.5;2;70.7;6.9;8.5;0;0;0.3;60
10.125;Dip saus, sursøt Barbeque saus;68;408;0.4;0;22.6;0;0.5;0;0;0.2;0
11.001;Morsmelk;87;296;4.1;16;7.2;0;1.3;60;0;0.3;4
12.004;Kjøttbuljong, tilberedt;98;12;0.1;0;0.1;0;0.4;0;0;0;0
12.007;Gjær, pressgjær;70;277;0.4;0;1.1;6.2;11.4;0;0;0;0
12.008;Sennep;63;662;6.4;0;18.5;1.7;5.7;0;0;1.8;0
12.01;Karamellsaus;30;1190;0;0;70;0;0;0;0;0;0
12.011;Sjokoladesaus, kjøpt;28;1138;1.2;0;62;0;2.3;0;0;0;0
12.012;Popcorn, poppet, kjøpt;5;1726;15;0;51.7;11;12;8;0;0;0
12.013;Popcorn, poppet, uten fett;4;1548;4.2;0;62.8;15.1;12;10;0;0.1;0
12.014;Saltstenger;4;1743;8.4;0;71;4.3;11.2;0;0;0.3;0
12.015;Baconcrisp;2;2520;46;0;0.2;0;47.9;0;0;0;0
12.016;Ostepop;2;2113;30;0;44;11;9.8;17;0;0;0
12.017;Tortillachips, maischips;7;2035;25.2;0;56;5.2;6.4;0;0;2.1;0
12.018;Bakepulver;6;666;0;0;34;0;5.2;0;0;0;0
12.022;Salt, bordsalt;1;0;0;0;0;0;0;0;0;0;0
12.023;Mineralsalt;0;0;0;0;0;0;0;0;0;0;0
12.024;Urtesalt;10;197;1.7;0;0.3;0;7.6;0;0;0;0
12.025;Salt, bordsalt, jodert;1;0;0;0;0;0;0;0;0;0;0
12.026;Havsalt;4;0;0;0;0;0;0;0;0;0;0
12.027;Eddik 7%;93;0;0;0;0;0;0;0;0;0;0
12.028;Popcorn, poppet i mikrobølgeovn;2;1967;22.3;0;50.7;15;9.4;0;0;2.8;0
12.029;Popcorn, poppet i soyaolje;4;1783;14.7;0;55.9;13.4;10.7;9;0;1.2;0
12.03;Potetchips, stekt i peanøttolje;3;2126;29;0;53.8;4.5;6;0;0;2.8;21
12.109;Gjær, tørrgjær;5;885;1.7;0;3.5;19.7;35.6;0;0;0;0
13.003;Brus, med sitronsmak, med sukker;90;170;0;0;10;0;0;0;0;0;0
13.004;Brus, med sitronsmak, kunstig søtet, lett;100;0;0;0;0;0;0;0;0;0;0
13.005;Vann, med kullsyre;100;0;0;0;0;0;0;0;0;0;0
13.007;Vin, alkoholfri;95;71;0;0;4;0;0.2;0;0;0;0
13.009;Kaffe, traktet, kokt;99;2;0;0;0;0;0.1;0;0;0;0
13.01;Te, svart;100;2;0;0;0;0;0.1;0;0;0;0
13.011;Brennevin, 60 vol-% alkohol;47;1528;0;0;0;0;0;0;0;0;0
13.012;Brennevin, 40 vol-% alkohol;65;1013;0;0;2.1;0;0;0;0;0;0
13.014;Likør, 35 vol-% alkohol;43;1309;0;0;27.5;0;0;0;0;0;0
13.015;Hetvin, søt, 17 vol-% alkohol;75;578;0;0;9.8;0;0.3;0;0;0;0
13.017;Vin, rødvin, 12 vol-% alkohol;88;309;0;0;0.7;0;0.1;0;0;0;0
13.018;Hetvin, tørr, 15 vol-% alkohol;82;401;0;0;3;0;0.1;0;0;0;0
13.022;Lettøl, lett, 2,5 vol-% alkohol;94;104;0;0;2.5;0;0.2;0;0;0;0
13.023;Gulløl, 5,7 vol-% alkohol;90;246;0;0;6.1;0;0.5;0;0;0;0
13.024;Pils, 4,7 vol % alkohol;91;171;0;0;3.2;0;0.4;0;0;0;0
13.025;Vørterøl;89;162;0;0;9.1;0;0.4;0;0;0;0
13.026;Øl, alkoholfritt;94;103;0;0;5;0;0.4;0;0;0;0
13.03;Vin, alkoholsvak;93;150;0;0;6.1;0;0;0;0;0;0
13.031;Vin, hvitvin, halvtørr, 10 vol-% alkohol;88;299;0;0;0.6;0;0.1;0;0;0;0
13.032;Vin, hvitvin, tørr, 12 vol-% alkohol;89;282;0;0;0.3;0;0.1;0;0;0;0
13.033;Vann, drikkevann, kranvann;100;0;0;0;0;0;0;0;0;0;0
13.034;Kaffe, pulver, tilberedt;99;2;0;0;0;0;0.1;0;0;0;0
13.036;Leskedrikk, kunstig søtet, drikkeferdig;100;5;0;0;0.3;0;0;0;0;0;1
1.036;Kesam 1 % fett;82;314;1;3;4.3;0;12;11;0;0;0
1.213;Melk syrnet, uspesifisert med smak, Biola;85;255;0.1;0;11.8;0;3;3;0;0;1
1.214;Melk syrnet, bringebær el. jordbærsmak, Biola;85;267;0.1;0;12.5;0;3;3;0;0;1
1.215;Lettmelk, 1,5 % fett, laktosefri;99;195;1.5;4;4.8;0;3.4;14;0.4;0;0
1.216;Sjokolademelk, lettere, 0-2 g tilsatt sukker;91;191;0.7;2;6.2;0;3.5;7;0;0;0
1.217;Ost, gulost, med vitamin D;41;1389;26;70;0.1;0;25;283;3.7;0.5;0
1.218;Ost, gulost, med vitamin D, lett;53;923;10;27;0.5;0;32;151;2.4;0.3;0
1.219;Ost, revet, pizzaost;41;1463;26.8;72;0.6;0;27.1;283;0.1;0.5;0
1.22;Prim, med jern, Sprett;31;1272;8;31;50.4;0;7;95;0;0.1;0
1.221;Yoghurt, frukt, 0.1 % fett;85;181;0.1;0;6.3;0;4.1;2;0;0;1
1.222;Yoghurt, med müsli og skogsbær,  Go` Morgen;69;574;3.3;13;21.6;1.2;4.4;30;0;0.1;0
1.223;Yoghurt, naturell, lettere;83;241;1.5;4;6.3;0;4.6;30;0;0.1;0
1.224;Yoghurt, naturell, matyoghurt;80;500;8.1;22;6;0;5.8;104;0;0.2;0
1.225;Krem, pisket, på boks;54;1559;39;105;4.8;0;2;375;0.2;0.9;0
1.226;Kesam 8 fett %;80;483;8;21;4.8;0;6.2;104;0;0.2;0
1.228;Lettmelk, 1,0 % fett;91;175;1;3;4.6;0;3.5;15;0;0;0
1.229;Lettmelk, uspesifisert;90;180;1.2;3;4.7;0;3.3;13;0;0;0
1.23;Lettmelk, ekstra lett, med vit D,  0,5 % fett;91;156;0.5;1;4.6;0;3.5;7;0.4;0;0
1.231;Lettmelk, ekstra lett, med vit D, uspesifisert;91;160;0.7;1;4.6;0;3.3;7;0.4;0;0
1.227;Ekstra lettmelk med vit D og kakaosmak, skolemelk;91;184;0.7;3;5.9;0;3.4;7;0.4;0;0
3.331;Kylling, lårklubbe (underlår), kjøtt med skinn, rå;71;650;8.7;81;0;0;19.3;29;0.2;0.3;0
3.332;Kylling, lår (overlår og lårklubbe), kjøtt uten skinn, rå;73;619;8.5;80;0;0;17.9;24;1;1.8;0
3.333;Kylling, overlår (lår uten lårklubbe), kjøtt uten skinn,  rå;72;632;8.8;83;0;0;18;20;1.6;0.3;0
3.334;Kylling, lårklubbe (underlår), kjøtt uten skinn, rå;76;458;3.7;77;0;0;18.9;17;0.2;0.3;0
3.335;Kjøttdeig, kylling og kalkun, rå;71;656;9;94;0;0;19;21;0.7;0.7;0
3.342;Lam, kotelett og sadel, kjøtt uten fettrand, rå;71;609;6.5;51;0;0;21.7;4;0.7;0.7;0
3.343;Lam, fett fra lammekjøtt, rå;21;2889;76;54;0;0;4.5;24;0.4;1.4;M
3.344;Storfe, entrecôte, synlig fett skåret vekk, rå;72;592;5.7;38;0;0;22.4;3;0.2;0.4;0
3.345;Storfe, fett fra storfekjøtt, rå;17;3011;80;69;0;0;3;25;0.6;1.3;0
3.346;Svin, skinkestek med fettrand, uten svor, rå;64;918;16;50;0;0;19.2;6;0.2;0.7;0
3.347;Svin, bogstek, med fettrand, rå;64;914;16.1;49;0;0;18.7;8;0.2;0.7;0
3.348;Svin, kjøttdeig, rå;71;620;7.1;44;0;0;21;4;0.2;0.8;0
3.349;Svin, 70% skinke, 30% flatbiff, strimlet, rå;73;515;3.8;45;0;0;22;3;0.1;0.6;0
3.35;Svin, fettrand, rå;15;3050;80.5;60;0;0;4.2;22;0.6;1.3;0
3.351;Reinsdyrskav, rå, fryst;72;606;7.5;78;0;0;19.3;8;0.3;0.8;0
3.352;Reinsdyr, kjøtt, rå, tørket;37;1331;17.6;200;0;0;40;21;0.7;0.8;0
3.353;Ribberull, skiver;64;806;13.5;48;0;0;18;6;0.2;0.8;0
3.354;Roastbiff, skiver;71;488;2.4;38;0;0;23.5;1;0,03;0.4;0
3.355;Pølse, salami, dansk type;29;2058;49;85;0.5;0;13.9;6;0.3;0;0
3.356;Pølser, kylling og kalkun, med mindre fett;70;700;10.6;79;5;0;13.1;40;0;1.1;29
5.33;Nudler, med egg, tørr;9;1646;8.2;30;65.3;3.3;12.1;18;0.3;0.4;0
5.331;Nudler av ris, tørr;12;1490;0.6;0;82.2;1.6;3.4;0;0;0;0
5.332;Pasta, fullkorn, tørr;11;1422;2.5;0;60.3;9.6;13.4;0;0;0.8;0
6.1;Ruccolasalat, rå;92;117;0.7;0;2;1.6;2.6;119;0;0.4;15
6.101;Søtpotet, kokt u/salt, med skall;76;348;0.2;0;16.5;3.3;2;818;0;0.7;20
6.102;Tomater soltørkede,  tørr;15;1180;3;0;43;12.3;14.1;44;0;0;39
6.103;Tomater soltørkede, innlagte i olje, avrent;55;799;12.5;2;8.8;12.7;5;54;0;9.1;12
6.104;Linser, grønne og brune, tørre;11;1298;2;0;41.6;11.2;25.1;5;0;0.3;0
6.105;Linser, grønne og brune, kokte med salt;67;457;0.7;0;14.8;3.7;8.8;1;0;0;0
6.106;Wok grønnsaksblanding, rå;89;139;0.2;0;4.7;2.6;1.8;119;0;0.5;51
6.107;Mandler;5;2386;49.2;0;6.3;12.2;21.2;0;0;26.2;0
8.241;Margarin, stekemargarin;17;2977;80;0;0.5;0;0.5;900;7.5;8;0
8.242;Margarin, bordmargarin, 80 % fett;17;2977;80;0;0.5;0;0.5;900;7.5;8;0
8.243;Margarin, bordmargarin, 60 % fett;38;2237;60;0;0.5;0;0.5;900;7.5;8;0
8.244;Margarin, Melange, uten salt og melk, folie;20;2960;80;0;0;0;0;900;8;6;0
8.245;Margarin, Soft Spesial, redusert salt;19;2960;80;0;0;0;0;929;8;25;0
8.246;Margarin, Soft ekstra, beger;28;2599;70;0;0.3;0;0.2;979;8;8;0
8.247;Smør, meierismør, ekstra salt, Kviteseidsmør;16;3031;81;219;1;0;1;1134;10;1.7;0
9.131;Nøttepålegg, type Nugatti, mindre sukker;1;1937;25.8;5;42.6;19.5;6;0;0;5.4;0
9.132;Sjokoladepålegg, type Sjokade, mindre sukker;12;1850;18.8;1;59.6;15.1;1.2;0;0;1.2;0
9.133;Sjokolade, mørk, 70% kakao;0;2478;46.5;3;32.5;10.9;6.9;1;0;0.6;0
9.134;Sjokolade, hvit;1;2272;30.9;20;58.3;0.2;8;19;0;1.1;0
13.037;Vann, mineralvann, kildevann, lite salt (Na), med/uten kullsyre;100;0;0;0;0;0;0;0;0;0;0
13.042;Te, grønn, tilberedt;100;2;0;0;0;0;0.1;0;0;0;3
13.043;Brus, Tonic water;90;153;0;0;9;0;0;0;0;0;0
13.044;Brus, Bitter lemon;90;187;0;0;11;0;0;0;0;0;1
13.045;Brus, cola, med sukker;90;180;0;0;10.6;0;0;0;0;0;0
13.046;Brus, med fruktjuice, med sukker, type Solo, Mozell o.l.;88;187;0;0;11;0;0;0;0;0;1
13.047;Brus, cola, kunstig søtet, lett;100;0;0;0;0;0;0;0;0;0;0
13.048;Brus, med fruktjuice, kunstig søtet, lett, type Solo, Mozell o.l.;100;17;0;0;1;0;0;0;0;0;1
13.049;Øl, sterkøl, bokkøl, 6,5 vol-% alkohol;88;265;0;0;6;0;0.7;0;0;0;0
13.05;Øl, redusert energiinnhold, lavkarbo;94;134;0;0;1;0;0.4;0;0;0;0
13.051;Øl, mørkt, type Bayer og juleøl, 4,5-4,7 vol % alkohol;91;177;0;0;4.1;0;0;0;0;0;0
13.052;Sterkvin, søt, vermouth, 15 vol-% alkohol;72;545;0;0;13.3;0;0;0;0;0;0
13.053;Likør, søt, 21 vol-% alkohol;55;943;0;0;29.9;0;0;0;0;0;0
13.054;Likør, 17 vol-% alkohol, fløtebasert;47;1322;14.6;0;22.5;0;3;180;0;0.5;0
13.055;Sterkvin, søt, portvin, 20 vol-% alkohol;72;629;0;0;9.6;0;0.1;0;0;0;0
13.056;Vin, hvitvin, halvsøt/søt, inkl musserende;88;299;0;0;3.4;0;0.2;0;0;0;0
13.057;Vin, dessertvin, ekstra søt, musserende;87;316;0;0;3.7;0;0.2;0;0;0;0
13.058;Hvitvin, rosé, musserende, uspesifisert;81;436;0;0;6;0;0.2;0;0;0;0
13.059;Vin, rødvin, tørr;88;266;0;0;0.2;0;0.1;0;0;0;0
13.06;Rødvin, uspesifisert;88;289;0;0;0.5;0;0.1;0;0;0;0
13.061;Smoothie med yoghurt, juice, banan og bær;84;252;1.2;3;9.9;1.3;1.7;11;0;0.5;18
13.062;Smoothie med juice, banan og bær;83;241;0.3;0;11.8;1.8;0.9;1;0;0.5;19
13.063;Cider, søt, 4,5 vol% alkohol;89;249;0;0;8.5;0;0;0;0;0;0
13.064;Energidrikk med taurin, koffein og B-vitaminer;88;209;0;0;12.1;0;0.2;0;0;0;0
13.065;Energidrikk med taurin, koffein og B-vitaminer, sukkerfri;88;202;0;0;11.5;0;0.4;0;0;0;0
13.066;Soyadrikke, søtet, tilsatt kalsium;90;264;2;0;7.7;0.6;3.2;0;0;0.3;1
13.067;Soyadrikke, usøtet;93;146;2.2;0;0.1;0.6;3.4;0;0;0.3;0
13.068;Havredrikke, med kalsium og vitaminer;91;191;1.6;0;6.5;0.8;0.9;0;0.5;0.1;0
1.233;Skyr, syrnet melkeprodukt, med smak, kunstig søtet;83;248;0.2;0;4;0.3;10;0;0;0;1
1.234;Skyr, syrnet melkeprodukt, naturell;83;251;0.2;0;3.3;0;11;0;0;0;1
3.33;Kylling, overlår (lår uten lårklubbe), kjøtt med skinn, rå;66;882;15.9;84;0;0;17.3;42;1.4;0.3;0
5.333;Nudler, kokt, med krydder;77;422;4.3;0;11.6;3.1;2.4;0;0;0.5;0
5.334;Nudler av ris, kokt uten salt;74;437;0.2;0;23.9;1;0.9;0;0;0;0
5.335;Pasta fullkorn, kokt med salt;59;658;1;0;29;3.7;5.8;0;0;0.1;0
9.135;Kjøttkaker med ertestuing og poteter, Fjordland;79;378;3.2;0;9.2;1.8;5.2;0;0;0.2;2
9.136;Kokt laks med urtesaus, poteter og babygulrøtter, Fjordland;80;393;4.3;0;6.5;1;6.8;0;1.9;0.8;3
9.137;Svinestek med surkål og poteter, Fjordland;79;362;2.1;0;9.7;1.3;6.4;0;0;0.2;3
4.324;Kveite hellefisk, oppdrett, rå;74;429;2.4;81;0;0;20;3;2.7;0.9;0
4.325;Kveite hellefisk, uspesifisert, rå;73;474;4.3;66;0;0;18.5;10;6.2;1.3;0
4.326;Torsk, oppdrett, rå;79;359;0.5;82;0;0;20;2;0.7;0.5;0
4.327;Torsk, uspesifisert, rå;81;345;1;59;0;0;18.1;11;1.8;0.7;0
11.04;Morsmelkerstatning fra fødsel - drikkeklar;88;272;3.5;0;7;0.2;1.3;62;1.2;1;10
11.041;Tilskuddsblanding fra 6 mnd - drikkeklar;88;286;3.2;0;8.3;0.3;1.4;72;1.2;1;12
11.042;Morsmelkerstatning fra fødsel - pulver;3;2170;27.8;0;55.9;2;10.3;469;8.6;7.2;79
11.043;Tilskuddsblanding fra 6 mnd - pulver;3;2169;27.8;0;54.9;4;10.3;469;8.6;7.2;79
13.069;Espresso, enkel;98;9;0.2;0;0;0;0.1;0;0;0;0
13.039;Kaffe, Cappucino, enkel, med lettmelk;92;146;1;2;3.7;0;2.7;10;0;0;0
13.041;Kaffe, Caffe Latte, enkel, med lettmelk;91;163;1.1;3;4.2;0;3;11;0;0;0
13.038;Kaffe, Cappucino, enkel, med helmelk;90;216;2.9;8;3.7;0;2.7;28;0;0.1;0
13.04;Kaffe, Caffe Latte, enkel, med helmelk;89;239;3.2;9;4.1;0;3;31;0;0.1;0
5.336;Ris, hurtigris, 1% salt, kokt;78;370;0;0;19.6;0.4;2;0;0;0;0
5.337;Ris, Basmati, kokt;69;528;0.4;0;26.9;0.2;3.2;0;0;0;0
5.338;Ris, Jasmin,  kokt;69;524;0.2;0;27.8;0;2.6;0;0;0;0
3.357;Pølse, med ost, ostegrill, ostewiener;59;1019;19.3;49;5.1;0.9;12.4;25;0;1.1;29
3.361;Pølse, kylling og kalkun, med ost;65;836;14.1;77;4.6;1;13.4;37;0;1.6;0
3.358;Elg, stek, ovnstekt;65;604;1.8;112;0;0;31.6;2;0.5;0.9;0
9.13;Marsipan, 30 % mandler;8;1866;16.7;0;66.1;2.2;6.3;0;0;7.1;0
6.761;Syltetøy, uten tilsatt sukker, 60 % bær;72;92;0.2;0;3.6;1.9;0.5;1;0;0.8;19
6.762;Syltetøy, 40 % bær, 40 % sukker;47;744;0.2;0;42.4;1.3;0.3;1;0;0.5;13
6.763;Syltetøy, 60 % bær, 30 % sukker;57;602;0.2;0;33.6;1.9;0.5;1;0;0.8;19
1.235;Helmelk, 3,9 % fett;87;279;3.9;10;4.6;0;3.3;38;0;0.1;0
1.236;Helmelk, uspesifisert;88;268;3.6;10;4.6;0;3.3;35;0;0.1;0
11.038;Barnemat, middag, ris og kalkun/kylling, fra 12 mnd;80;360;2.8;11;10.1;1.2;4.4;67;0;0.9;4
11.039;Barnemat, middag, potet og oksekjøtt, fra 12 mnd;80;362;3.4;7;9.7;1.3;3.6;87;0;1.1;14
11.034;Barnemat, middag, pasta og oksekjøtt, fra 6 mnd;81;359;3.2;5;10.1;1.2;3.5;72;0;1;3
11.033;Barnemat, middag, potet og lam, fra 6 mnd;82;316;2.7;6;9.3;1.3;2.8;86;0;0.8;7
11.035;Barnemat, middag, pasta og skinke, fra 8 mnd;80;364;3;5;10.3;1.2;4;58;0;0.9;3
11.036;Barnemat, middag, potet og fiskeboller, fra 8 mnd;80;353;2.3;11;11.9;1.2;3.3;112;0.2;0.3;5
11.044;Barnemat, middag, pasta og oksekjøtt, fra 12 mnd;78;423;4.3;6;11;1.1;4;39;0;1.3;7
